run_id,model,dataset,contamination,round,n_known_outliers,train_size,test_size,train_auc_semi,train_auc,test_auc,train_ap_semi,train_ap,test_ap
4272b3b6-1564-4b0d-8964-c721e3bdf375,EtaDevNet_eta_0.5,20_newsgroups_distiluse-base-multilingual-cased-v1,0.05,0,39,838,210,1.0,1.0,0.9955,1.0,1.0,0.9526315789473684
26e33c6b-bc8a-4c93-93f0-e9e2e117757a,EtaDevNet_eta_0.6,20_newsgroups_distiluse-base-multilingual-cased-v1,0.05,0,39,838,210,1.0,1.0,0.997,1.0,1.0,0.9625
cbe6fd01-c310-47b5-9f42-00c4f88b99b0,EtaDevNet_eta_0.7,20_newsgroups_distiluse-base-multilingual-cased-v1,0.05,0,39,838,210,1.0,1.0,0.9985,1.0,1.0,0.9769230769230768
1cf8f5a5-ebde-489c-b7d0-ccda606563c0,EtaDevNet_eta_0.8,20_newsgroups_distiluse-base-multilingual-cased-v1,0.05,0,39,838,210,1.0,1.0,0.998,1.0,1.0,0.9714285714285714
da92338b-a508-40dc-a244-d6334ddf27ec,EtaDevNet_eta_0.9,20_newsgroups_distiluse-base-multilingual-cased-v1,0.05,0,39,838,210,1.0,1.0,0.999,1.0,1.0,0.9833333333333332
19ce4d0d-e760-4222-ae0d-ec73d3fab171,EtaDevNetMC_eta_0.5,20_newsgroups_distiluse-base-multilingual-cased-v1,0.05,0,39,838,210,1.0,1.0,0.94925,1.0,1.0,0.9047619047619048
60486330-c505-4e34-b50f-eed60eb4975a,EtaDevNetMC_eta_0.6,20_newsgroups_distiluse-base-multilingual-cased-v1,0.05,0,39,838,210,1.0,1.0,0.945,1.0,1.0,0.9047619047619048
636c8c35-870f-4548-bc4e-4ff19811f8e7,EtaDevNetMC_eta_0.7,20_newsgroups_distiluse-base-multilingual-cased-v1,0.05,0,39,838,210,1.0,1.0,0.999,1.0,1.0,0.9833333333333332
ae5df226-51fc-4cde-bbd2-cac730da6c41,EtaDevNetMC_eta_0.8,20_newsgroups_distiluse-base-multilingual-cased-v1,0.05,0,39,838,210,1.0,1.0,0.999,1.0,1.0,0.9833333333333332
1156f545-0ac6-4b25-b2c2-4d58ea52604c,EtaDevNetMC_eta_0.9,20_newsgroups_distiluse-base-multilingual-cased-v1,0.05,0,39,838,210,1.0,1.0,0.9995,1.0,1.0,0.9909090909090909
dd67a8fd-6d50-4241-8b85-7e77d71b40b4,EtaDevNet_eta_0.5,20_newsgroups_distiluse-base-multilingual-cased-v2,0.05,0,39,838,210,1.0,1.0,0.995,1.0,1.0,0.95
057f031b-d34c-4e2a-a7c0-0aa83c81f4cf,EtaDevNet_eta_0.6,20_newsgroups_distiluse-base-multilingual-cased-v2,0.05,0,39,838,210,1.0,1.0,0.998,1.0,1.0,0.9714285714285714
b1831b37-55d5-499f-874a-c7871aee4ded,EtaDevNet_eta_0.7,20_newsgroups_distiluse-base-multilingual-cased-v2,0.05,0,39,838,210,1.0,1.0,0.9965,1.0,1.0,0.9588235294117649
1c242f5d-6f88-4849-bba9-c7e68faf3261,EtaDevNet_eta_0.8,20_newsgroups_distiluse-base-multilingual-cased-v2,0.05,0,39,838,210,1.0,1.0,0.998,1.0,1.0,0.9714285714285714
c38a5ef7-2c39-4662-9cf5-4278a66c8e38,EtaDevNet_eta_0.9,20_newsgroups_distiluse-base-multilingual-cased-v2,0.05,0,39,838,210,1.0,1.0,0.9985,1.0,1.0,0.9769230769230768
0202ba7c-d5a6-4ec5-8833-e52ae12261a9,EtaDevNetMC_eta_0.5,20_newsgroups_distiluse-base-multilingual-cased-v2,0.05,0,39,838,210,1.0,1.0,0.9955,1.0,1.0,0.9455555555555556
1ce3642b-aedf-40ee-8277-1683d1ad890f,EtaDevNetMC_eta_0.6,20_newsgroups_distiluse-base-multilingual-cased-v2,0.05,0,39,838,210,1.0,1.0,0.9965,1.0,1.0,0.9588235294117649
faf723d6-7af5-44cf-965c-79c3f733d744,EtaDevNetMC_eta_0.7,20_newsgroups_distiluse-base-multilingual-cased-v2,0.05,0,39,838,210,1.0,1.0,0.998,1.0,1.0,0.9714285714285712
ad06938c-b691-4fb9-b7a1-bdb269e5a8cb,EtaDevNetMC_eta_0.8,20_newsgroups_distiluse-base-multilingual-cased-v2,0.05,0,39,838,210,1.0,1.0,0.9995,1.0,1.0,0.9909090909090909
f992b24e-af3f-4652-a13a-a47caf2e9166,EtaDevNetMC_eta_0.9,20_newsgroups_distiluse-base-multilingual-cased-v2,0.05,0,39,838,210,1.0,1.0,0.9985,1.0,1.0,0.976923076923077
3275342c-d562-465d-a28c-d9dd97f87f27,EtaDevNet_eta_0.5,20_newsgroups_xlm-roberta-large,0.05,0,39,838,210,0.9906934950739706,0.9906934950739706,0.6925,0.8870238263863616,0.8870238263863616,0.4604822932307719
90ac4d37-6ed4-4760-8c56-7f18a44b8f89,EtaDevNet_eta_0.6,20_newsgroups_xlm-roberta-large,0.05,0,39,838,210,1.0,1.0,0.966,1.0,1.0,0.8508152762730227
f3aa2f6e-ea3d-41e7-ac8a-3257acf9f9a0,EtaDevNet_eta_0.7,20_newsgroups_xlm-roberta-large,0.05,0,39,838,210,1.0,1.0,0.9625,1.0,1.0,0.8476906953805687
79cb37d9-b665-4257-8407-91d4b4faa010,EtaDevNet_eta_0.8,20_newsgroups_xlm-roberta-large,0.05,0,39,838,210,0.7312987388081256,0.7312987388081256,0.6805,0.1102870419281935,0.1102870419281935,0.1684434595415339
23701008-eb29-429e-a7fc-d4efca0d07b1,EtaDevNet_eta_0.9,20_newsgroups_xlm-roberta-large,0.05,0,39,838,210,0.841821507653798,0.841821507653798,0.92925,0.4076302924478917,0.4076302924478917,0.551617870310128
71744dba-89d7-4479-883a-8ada9e0c2d54,EtaDevNetMC_eta_0.5,20_newsgroups_xlm-roberta-large,0.05,0,39,838,210,1.0,1.0,0.9915,1.0,1.0,0.9004545454545455
8e4d9a97-2c7c-4432-9bed-b5866e03471a,EtaDevNetMC_eta_0.6,20_newsgroups_xlm-roberta-large,0.05,0,39,838,210,1.0,1.0,0.9255,1.0,1.0,0.7878373015873016
69cc5158-c988-433c-a166-a761d8506c08,EtaDevNetMC_eta_0.7,20_newsgroups_xlm-roberta-large,0.05,0,39,838,210,1.0,1.0,0.94,1.0,1.0,0.8409078590785909
5f2086d8-a1d9-4aee-8072-ac08d581ed74,EtaDevNetMC_eta_0.8,20_newsgroups_xlm-roberta-large,0.05,0,39,838,210,0.9999679086037032,0.9999679086037032,0.9865,0.9993589743589744,0.9993589743589744,0.8295726495726495
c821d76b-dd6f-4a46-8709-95757caa09da,EtaDevNetMC_eta_0.9,20_newsgroups_xlm-roberta-large,0.05,0,39,838,210,0.4618914668977247,0.4618914668977247,0.5735,0.0459315149373952,0.0459315149373952,0.0759707722510711
92b9f700-e252-4546-a3fc-26017db72d30,EtaDevNet_eta_0.5,tweet_eval_distiluse-base-multilingual-cased-v1,0.05,0,1098,23081,5771,0.5,0.5,0.5,0.0475715956847623,0.0475715956847623,0.0476520533702997
7e2f75c1-02e7-46cc-a55c-cbc07d42f7d9,EtaDevNet_eta_0.6,tweet_eval_distiluse-base-multilingual-cased-v1,0.05,0,1098,23081,5771,0.8301216281798147,0.8301216281798147,0.752100039698293,0.1846021597176882,0.1846021597176882,0.1532476946924407
14a79ea7-41eb-45d9-a29f-0558ff4126da,EtaDevNet_eta_0.7,tweet_eval_distiluse-base-multilingual-cased-v1,0.05,0,1098,23081,5771,0.5,0.5,0.5,0.0475715956847623,0.0475715956847623,0.0476520533702997
60f3bfe0-4978-4add-824d-827e2328c1a3,EtaDevNet_eta_0.8,tweet_eval_distiluse-base-multilingual-cased-v1,0.05,0,1098,23081,5771,0.5,0.5,0.5,0.0475715956847623,0.0475715956847623,0.0476520533702997
6fa212eb-1862-42c8-bfb2-4d866b1738f3,EtaDevNet_eta_0.9,tweet_eval_distiluse-base-multilingual-cased-v1,0.05,0,1098,23081,5771,0.6917742033979395,0.6917742033979395,0.6928582770940849,0.1083054255413379,0.1083054255413379,0.0965775245702447
accc82f6-3a19-419a-8adf-6dd9188349c6,EtaDevNetMC_eta_0.5,tweet_eval_distiluse-base-multilingual-cased-v1,0.05,0,1098,23081,5771,0.486952929432886,0.486952929432886,0.4981619690353314,0.0454313256445367,0.0454313256445367,0.0477032215151438
f43d96a8-3d95-4779-9518-b70f043d0a0b,EtaDevNetMC_eta_0.6,tweet_eval_distiluse-base-multilingual-cased-v1,0.05,0,1098,23081,5771,0.8405037814035303,0.8405037814035303,0.7528364430329497,0.2276713449323547,0.2276713449323547,0.1651693815652619
b2b0bf00-f0ed-4e34-9298-0ae5705d9a74,EtaDevNetMC_eta_0.7,tweet_eval_distiluse-base-multilingual-cased-v1,0.05,0,1098,23081,5771,0.5088379893156385,0.5088379893156385,0.504694984782321,0.049129629271759,0.049129629271759,0.0496017890073943
c1604c0d-bdb6-4a90-99dd-4f8aac4bbb19,EtaDevNetMC_eta_0.8,tweet_eval_distiluse-base-multilingual-cased-v1,0.05,0,1098,23081,5771,0.4973888789872154,0.4973888789872154,0.4892602884742623,0.048094045311591,0.048094045311591,0.0490874485160912
93a7263c-afc1-43fc-a157-7b707f2c1a6d,EtaDevNetMC_eta_0.9,tweet_eval_distiluse-base-multilingual-cased-v1,0.05,0,1098,23081,5771,0.5008383278782984,0.5008383278782984,0.5273766044726743,0.0485612390202272,0.0485612390202272,0.0516070685617613
ee19ae8e-9b78-4aa4-bd69-6a19fefad0b3,EtaDevNet_eta_0.5,tweet_eval_distiluse-base-multilingual-cased-v2,0.05,0,1098,23081,5771,0.5,0.5,0.5,0.0475715956847623,0.0475715956847623,0.0476520533702997
f571a803-ef10-4456-84cc-11776746bf35,EtaDevNet_eta_0.6,tweet_eval_distiluse-base-multilingual-cased-v2,0.05,0,1098,23081,5771,0.8123089318812093,0.8123089318812093,0.7563176525076089,0.1740690498523563,0.1740690498523563,0.1433949033404305
17667cd8-354c-4431-bc1f-4e53d3e1f4db,EtaDevNet_eta_0.7,tweet_eval_distiluse-base-multilingual-cased-v2,0.05,0,1098,23081,5771,0.5,0.5,0.5,0.0475715956847623,0.0475715956847623,0.0476520533702997
c1d4c092-a4a7-4fc9-a9e9-fb014a6042bc,EtaDevNet_eta_0.8,tweet_eval_distiluse-base-multilingual-cased-v2,0.05,0,1098,23081,5771,0.6874464884978598,0.6874464884978598,0.6797753738255922,0.1054026290310999,0.1054026290310999,0.0908379590036144
5c58f510-426e-46ee-a781-871e6fbb9aa7,EtaDevNet_eta_0.9,tweet_eval_distiluse-base-multilingual-cased-v2,0.05,0,1098,23081,5771,0.6673093847066953,0.6673093847066953,0.6497912531427816,0.0985443365554888,0.0985443365554888,0.0862173102136635
b76f617b-5c86-403a-9125-733faad3b73e,EtaDevNetMC_eta_0.5,tweet_eval_distiluse-base-multilingual-cased-v2,0.05,0,1098,23081,5771,0.5,0.5,0.5,0.0475715956847623,0.0475715956847623,0.0476520533702997
4d862085-050d-4895-913e-ec86dd9fb31d,EtaDevNetMC_eta_0.6,tweet_eval_distiluse-base-multilingual-cased-v2,0.05,0,1098,23081,5771,0.8627348819882096,0.8627348819882096,0.7706596533015747,0.2355123603898195,0.2355123603898195,0.166089339009728
eac46cae-4869-40a9-806a-39675a83f1b2,EtaDevNetMC_eta_0.7,tweet_eval_distiluse-base-multilingual-cased-v2,0.05,0,1098,23081,5771,0.4976817862320668,0.4976817862320668,0.4781030832340875,0.048156496749823,0.048156496749823,0.0450664434683257
15eab3de-90e2-4bac-8743-b770dc5b3e63,EtaDevNetMC_eta_0.8,tweet_eval_distiluse-base-multilingual-cased-v2,0.05,0,1098,23081,5771,0.505518857219277,0.505518857219277,0.4996036787084822,0.0484174271668448,0.0484174271668448,0.0502021926864762
e24d658a-474e-44ac-995a-e80a2f72e0f0,EtaDevNetMC_eta_0.9,tweet_eval_distiluse-base-multilingual-cased-v2,0.05,0,1098,23081,5771,0.5057316189103569,0.5057316189103569,0.5152209871642186,0.050312629540928,0.050312629540928,0.0523021803404347
6838b178-64c6-4ab0-a5dd-c0684249c960,EtaDevNet_eta_0.5,tweet_eval_xlm-roberta-large,0.05,0,1098,23081,5771,0.5,0.5,0.5,0.0475715956847623,0.0475715956847623,0.0476520533702997
08291a1e-c5d8-4dbb-b57e-40c8d6ca0dda,EtaDevNet_eta_0.6,tweet_eval_xlm-roberta-large,0.05,0,1098,23081,5771,0.6546840467136926,0.6546840467136926,0.6535688765383089,0.08130631763864,0.08130631763864,0.080278676354286
da5e93b1-573f-4457-8957-df7593450485,EtaDevNet_eta_0.7,tweet_eval_xlm-roberta-large,0.05,0,1098,23081,5771,0.6196461879344255,0.6196461879344255,0.6026210797935688,0.0701814638902353,0.0701814638902353,0.0691750071501049
7e7f99ad-566f-4d49-b43a-03f5dd1ac124,EtaDevNet_eta_0.8,tweet_eval_xlm-roberta-large,0.05,0,1098,23081,5771,0.5121416267430363,0.5121416267430363,0.5309041286224693,0.047283858075493,0.047283858075493,0.056428472471291
888a058f-511c-4a03-b80d-edc602e8f0c8,EtaDevNet_eta_0.9,tweet_eval_xlm-roberta-large,0.05,0,1098,23081,5771,0.500206567966454,0.500206567966454,0.5200426756649464,0.0462749331224726,0.0462749331224726,0.0522919187315449
bc699d6c-2b45-4eca-9694-76ce2620140f,EtaDevNetMC_eta_0.5,tweet_eval_xlm-roberta-large,0.05,0,1098,23081,5771,0.5,0.5,0.5,0.0475715956847623,0.0475715956847623,0.0476520533702997
14f095d7-ed9c-497b-a32f-d6f73b8d50f0,EtaDevNetMC_eta_0.6,tweet_eval_xlm-roberta-large,0.05,0,1098,23081,5771,0.5026564449909837,0.5026564449909837,0.4885324864364166,0.0486172923451147,0.0486172923451147,0.0458795813989879
e722c03b-b57a-4b55-b448-276f044e272e,EtaDevNetMC_eta_0.7,tweet_eval_xlm-roberta-large,0.05,0,1098,23081,5771,0.4996765384279805,0.4996765384279805,0.5083541749371443,0.0480406301460926,0.0480406301460926,0.0527431823082677
4f180124-6449-4132-a3fb-ffd6dc9bf75b,EtaDevNetMC_eta_0.8,tweet_eval_xlm-roberta-large,0.05,0,1098,23081,5771,0.4863245667479267,0.4863245667479267,0.5082486436416568,0.0469318499754951,0.0469318499754951,0.0486439430777238
ee9a7ce6-926d-4433-b3d0-ce796682e397,EtaDevNetMC_eta_0.9,tweet_eval_xlm-roberta-large,0.05,0,1098,23081,5771,0.5038500316563544,0.5038500316563544,0.5326478761413259,0.0481775962055011,0.0481775962055011,0.0536226336974338
5e8da4a4-d24c-4ebe-8171-42a607e9946d,EtaDevNet_eta_0.5,told-br_distiluse-base-multilingual-cased-v1,0.05,0,470,9865,2467,0.5,0.5,0.5,0.0476431829700963,0.0476431829700963,0.0474260235103364
0b1ae710-f0c7-40d0-898d-f25247fdb090,EtaDevNet_eta_0.6,told-br_distiluse-base-multilingual-cased-v1,0.05,0,470,9865,2467,0.9394470802713076,0.9394470802713076,0.7090561920349155,0.3070862238207237,0.3070862238207237,0.1480039536769425
ae2c2de8-726e-4772-b44d-5ae908e58d05,EtaDevNet_eta_0.7,told-br_distiluse-base-multilingual-cased-v1,0.05,0,470,9865,2467,0.714923170994078,0.714923170994078,0.6732951445717403,0.1554909186169882,0.1554909186169882,0.1156198537796223
62e371ce-34ca-4d96-956d-7d448cba3efe,EtaDevNet_eta_0.8,told-br_distiluse-base-multilingual-cased-v1,0.05,0,470,9865,2467,0.5,0.5,0.5,0.0476431829700963,0.0476431829700963,0.0474260235103364
4232724b-725e-423a-a120-73d9776744fe,EtaDevNet_eta_0.9,told-br_distiluse-base-multilingual-cased-v1,0.05,0,470,9865,2467,0.6350572395910001,0.6350572395910001,0.5982505910165484,0.0922736461491051,0.0922736461491051,0.0703152006559149
8a5f9b41-3b2f-4546-8651-fbc59b11b140,EtaDevNetMC_eta_0.5,told-br_distiluse-base-multilingual-cased-v1,0.05,0,470,9865,2467,0.5183629816674782,0.5183629816674782,0.4978341516639388,0.0509483389414898,0.0509483389414898,0.0456265289535867
893b6983-8e41-4c6a-bc60-39ee38d1e0a7,EtaDevNetMC_eta_0.6,told-br_distiluse-base-multilingual-cased-v1,0.05,0,470,9865,2467,0.948973763772038,0.948973763772038,0.7178268776141117,0.5044353905063096,0.5044353905063096,0.1568117687367189
26594cbf-ce2b-4ebd-a14e-39a819003d42,EtaDevNetMC_eta_0.7,told-br_distiluse-base-multilingual-cased-v1,0.05,0,470,9865,2467,0.479562805023043,0.479562805023043,0.5261120203673395,0.0453195839354338,0.0453195839354338,0.0508177114420412
35b1bdf0-a950-458f-9e02-d31465fb36be,EtaDevNetMC_eta_0.8,told-br_distiluse-base-multilingual-cased-v1,0.05,0,470,9865,2467,0.503829560766818,0.503829560766818,0.5369739952718675,0.0478577125231132,0.0478577125231132,0.0627124795685964
1075be8f-9e31-4e95-904f-031aeaa9d11a,EtaDevNetMC_eta_0.9,told-br_distiluse-base-multilingual-cased-v1,0.05,0,470,9865,2467,0.4869941005288009,0.4869941005288009,0.504544462629569,0.0459419089256693,0.0459419089256693,0.0491311068677003
2d5eef07-5c95-453a-9558-8d2c201015ee,EtaDevNet_eta_0.5,told-br_distiluse-base-multilingual-cased-v2,0.05,0,470,9865,2467,0.5,0.5,0.5,0.0476431829700963,0.0476431829700963,0.0474260235103364
c616b4e8-6215-4dc1-97d4-2c826360cc78,EtaDevNet_eta_0.6,told-br_distiluse-base-multilingual-cased-v2,0.05,0,470,9865,2467,0.5,0.5,0.5,0.0476431829700963,0.0476431829700963,0.0474260235103364
80a93ad4-3a0a-4a78-9bb0-31e871d69011,EtaDevNet_eta_0.7,told-br_distiluse-base-multilingual-cased-v2,0.05,0,470,9865,2467,0.5,0.5,0.5,0.0476431829700963,0.0476431829700963,0.0474260235103364
980d99ad-f72e-42d1-8b9d-eba9ad5d1bfd,EtaDevNet_eta_0.8,told-br_distiluse-base-multilingual-cased-v2,0.05,0,470,9865,2467,0.5920463578408615,0.5920463578408615,0.5529441716675759,0.0711671326194406,0.0711671326194406,0.0577681527489936
955c1212-fef1-46ec-b0b5-26ce31dbc08d,EtaDevNet_eta_0.9,told-br_distiluse-base-multilingual-cased-v2,0.05,0,470,9865,2467,0.6658606320700237,0.6658606320700237,0.6227968721585742,0.1034563769515632,0.1034563769515632,0.0848726619087869
3b52c5a9-3355-4471-9bf0-e8622b2fad88,EtaDevNetMC_eta_0.5,told-br_distiluse-base-multilingual-cased-v2,0.05,0,470,9865,2467,0.4877942092330687,0.4877942092330687,0.4876250227314057,0.0464490100728426,0.0464490100728426,0.045039604319078
3ba045a1-02e7-4d04-95ff-5a99dd2ffa07,EtaDevNetMC_eta_0.6,told-br_distiluse-base-multilingual-cased-v2,0.05,0,470,9865,2467,0.8315797221247155,0.8315797221247155,0.7107510456446626,0.1672760671297197,0.1672760671297197,0.1122446750605801
68b47553-14e2-4b1a-9264-2e3b995b9353,EtaDevNetMC_eta_0.7,told-br_distiluse-base-multilingual-cased-v2,0.05,0,470,9865,2467,0.4963595393656652,0.4963595393656652,0.4950136388434261,0.0474682489030993,0.0474682489030993,0.0521507151864908
489a70ff-09b9-4829-9927-fa08f8d4b60c,EtaDevNetMC_eta_0.8,told-br_distiluse-base-multilingual-cased-v2,0.05,0,470,9865,2467,0.4753548175240338,0.4753548175240338,0.4982942353155118,0.0439802322536391,0.0439802322536391,0.0472328324893689
bfee2415-17b8-4644-9695-130546ca3c6f,EtaDevNetMC_eta_0.9,told-br_distiluse-base-multilingual-cased-v2,0.05,0,470,9865,2467,0.4905261965961975,0.4905261965961975,0.5118403346062921,0.0456532299051878,0.0456532299051878,0.0524211727336109
638c7f10-43e0-4ff6-965e-db30b53f3c40,EtaDevNet_eta_0.5,told-br_xlm-roberta-large,0.05,0,470,9865,2467,0.5,0.5,0.5,0.0476431829700963,0.0476431829700963,0.0474260235103364
04140da6-0090-40e8-ab9e-38793b3347e9,EtaDevNet_eta_0.6,told-br_xlm-roberta-large,0.05,0,470,9865,2467,0.7388838562838994,0.7388838562838994,0.6962284051645754,0.1386674581536386,0.1386674581536386,0.1077807904921455
ff3d3dac-4a9f-4af7-9138-b179d93fecb8,EtaDevNet_eta_0.7,told-br_xlm-roberta-large,0.05,0,470,9865,2467,0.7386161720245037,0.7386161720245037,0.7250591016548463,0.1366675308378483,0.1366675308378483,0.1170735668701088
9b2aed4b-9fef-4143-afd8-66cb467927c9,EtaDevNet_eta_0.8,told-br_xlm-roberta-large,0.05,0,470,9865,2467,0.5636436311754781,0.5636436311754781,0.541447535915621,0.0591784743271533,0.0591784743271533,0.0576290536315263
de5a334b-829f-465b-acda-f2d74be15640,EtaDevNet_eta_0.9,told-br_xlm-roberta-large,0.05,0,470,9865,2467,0.5083600375935593,0.5083600375935593,0.5010838334242589,0.0638729938463694,0.0638729938463694,0.0511618099106276
9586d01d-f623-443f-a952-adcee63d9fd2,EtaDevNetMC_eta_0.5,told-br_xlm-roberta-large,0.05,0,470,9865,2467,0.5,0.5,0.5,0.0476431829700963,0.0476431829700963,0.0474260235103364
09012775-c020-4d7e-b538-95ce8842f9d5,EtaDevNetMC_eta_0.6,told-br_xlm-roberta-large,0.05,0,470,9865,2467,0.8901260290104513,0.8901260290104513,0.7753809783597018,0.2400079131535908,0.2400079131535908,0.1707006216908821
a475eee2-01fe-48f6-ad1b-1f49fd28a6e0,EtaDevNetMC_eta_0.7,told-br_xlm-roberta-large,0.05,0,470,9865,2467,0.8233315593400745,0.8233315593400745,0.7623240589198035,0.1771200768068318,0.1771200768068318,0.1437822479508725
f7a6955f-570f-4df0-aad4-9ee5ded85dc7,EtaDevNetMC_eta_0.8,told-br_xlm-roberta-large,0.05,0,470,9865,2467,0.5152817818441227,0.5152817818441227,0.5555719221676668,0.0547264019631762,0.0547264019631762,0.0572363308780599
9e6faece-97e4-4628-b0e2-f5a71d6db0c3,EtaDevNetMC_eta_0.9,told-br_xlm-roberta-large,0.05,0,470,9865,2467,0.5043114830206199,0.5043114830206199,0.4870976541189307,0.046524231640813,0.046524231640813,0.0465742054548062
6ff1f9cd-24b2-4618-b251-443b376a830e,EtaDevNet_eta_0.5,told-br_bert-base-portuguese-cased,0.05,0,470,9865,2467,0.9036050185136958,0.9036050185136958,0.7510383706128387,0.3459376480073556,0.3459376480073556,0.1495629519339163
d1c9950a-a8e2-491d-9989-0e2163b2cebb,EtaDevNet_eta_0.6,told-br_bert-base-portuguese-cased,0.05,0,470,9865,2467,0.8801046278577332,0.8801046278577332,0.7425550100018183,0.1979595118501817,0.1979595118501817,0.1112771935030013
51c52a41-0477-49de-9c48-245546b6fc5d,EtaDevNet_eta_0.7,told-br_bert-base-portuguese-cased,0.05,0,470,9865,2467,0.8914562974873461,0.8914562974873461,0.7590616475722859,0.2285502130855171,0.2285502130855171,0.1633806996897199
77cff262-7dfd-42d4-9150-2b3bbe2bd8c0,EtaDevNet_eta_0.8,told-br_bert-base-portuguese-cased,0.05,0,470,9865,2467,0.660487130999966,0.660487130999966,0.6200218221494816,0.0864438816988815,0.0864438816988815,0.0719252373082936
50534bbb-e7b7-433c-a6b7-c3ba887e72ff,EtaDevNet_eta_0.9,told-br_bert-base-portuguese-cased,0.05,0,470,9865,2467,0.6923563914712443,0.6923563914712443,0.6916548463356974,0.1068447043353938,0.1068447043353938,0.0999558455346864
2c3564e1-9969-451d-9c8c-81a424170767,EtaDevNetMC_eta_0.5,told-br_bert-base-portuguese-cased,0.05,0,470,9865,2467,0.8979710801354276,0.8979710801354276,0.7790234588106929,0.3232101234418393,0.3232101234418393,0.1618811894211234
5bd7a66f-33f7-4025-955a-ce8706212078,EtaDevNetMC_eta_0.6,told-br_bert-base-portuguese-cased,0.05,0,470,9865,2467,0.9003765017607827,0.9003765017607827,0.7809601745771958,0.2655314104285774,0.2655314104285774,0.1424181834630972
988551e3-38ab-40ff-9896-abb3f17798ca,EtaDevNetMC_eta_0.7,told-br_bert-base-portuguese-cased,0.05,0,470,9865,2467,0.8804130762175444,0.8804130762175444,0.7802655028186944,0.228743093629585,0.228743093629585,0.1651958636748785
2dbf1aa0-5b2e-445d-94c0-3efcc3231cab,EtaDevNetMC_eta_0.8,told-br_bert-base-portuguese-cased,0.05,0,470,9865,2467,0.8433046097403553,0.8433046097403553,0.7822222222222222,0.1879263657526941,0.1879263657526941,0.2235050579518751
6ab74c59-4272-4725-8361-3bc8b2330eff,EtaDevNetMC_eta_0.9,told-br_bert-base-portuguese-cased,0.05,0,470,9865,2467,0.5102054057726495,0.5102054057726495,0.4825677395890161,0.0494458910369319,0.0494458910369319,0.0446044780202889
5f93bb2f-e1a3-47f4-ba88-0944b1447a2f,EtaDevNet_eta_0.5,told-br_bert-large-portuguese-cased,0.05,0,470,9865,2467,0.9147718908880912,0.9147718908880912,0.7615966539370794,0.4117544590310658,0.4117544590310658,0.1673210406683671
f8e47dea-25b8-4184-9288-7c1ac9d59543,EtaDevNet_eta_0.6,told-br_bert-large-portuguese-cased,0.05,0,470,9865,2467,0.9166908609151542,0.9166908609151542,0.7916603018730677,0.2965448041975038,0.2965448041975038,0.1755305039823119
122aaa1d-0864-445b-a267-3eb3642f31b8,EtaDevNet_eta_0.7,told-br_bert-large-portuguese-cased,0.05,0,470,9865,2467,0.8874675302616829,0.8874675302616829,0.7547590470994725,0.2271764273661258,0.2271764273661258,0.1296708452015361
30f5f4bc-c874-43f7-8a44-3f58981bf206,EtaDevNet_eta_0.8,told-br_bert-large-portuguese-cased,0.05,0,470,9865,2467,0.8811104820354875,0.8811104820354875,0.7576250227314058,0.2041769679739868,0.2041769679739868,0.1309631255853848
6ba46c81-3568-408b-939a-b524ca6e5cad,EtaDevNet_eta_0.9,told-br_bert-large-portuguese-cased,0.05,0,470,9865,2467,0.5274320881410438,0.5274320881410438,0.5103055100927442,0.054633780803096,0.054633780803096,0.0601760807279896
105f39d7-7af0-4eca-a2b3-515377dea441,EtaDevNetMC_eta_0.5,told-br_bert-large-portuguese-cased,0.05,0,470,9865,2467,0.8978012297170291,0.8978012297170291,0.7728750681942171,0.3012456021568616,0.3012456021568616,0.1737249441537883
1245a7c5-9a41-40c3-9d63-4fc733c1d318,EtaDevNetMC_eta_0.6,told-br_bert-large-portuguese-cased,0.05,0,470,9865,2467,0.8896550904170394,0.8896550904170394,0.7671885797417712,0.2318516638620629,0.2318516638620629,0.1293843871710067
cb4396cf-8acb-4fae-89b2-197e6f258fb2,EtaDevNetMC_eta_0.7,told-br_bert-large-portuguese-cased,0.05,0,470,9865,2467,0.9068944549500074,0.9068944549500074,0.7663684306237497,0.2615343309467697,0.2615343309467697,0.1460892085633352
28668ce6-4835-4246-86d2-60a301d68800,EtaDevNetMC_eta_0.8,told-br_bert-large-portuguese-cased,0.05,0,470,9865,2467,0.8534127478400689,0.8534127478400689,0.7750900163666121,0.1701517558249813,0.1701517558249813,0.1446784442417764
0dc1e754-12a2-49d2-a0c0-e684bf70ee8f,EtaDevNetMC_eta_0.9,told-br_bert-large-portuguese-cased,0.05,0,470,9865,2467,0.7891281011855558,0.7891281011855558,0.7671067466812146,0.1883208271899389,0.1883208271899389,0.1790997136982246
26df830f-4107-4503-9f78-440c68892743,EtaDevNet_eta_0.5,told-br_serafim-100m-portuguese-pt-sentence-encoder-ir,0.05,0,470,9865,2467,0.956047580763874,0.956047580763874,0.7657574104382614,0.8024608605416882,0.8024608605416882,0.1693254683143029
0f4c1652-2e3b-4ed0-8db5-a815460275cc,EtaDevNet_eta_0.6,told-br_serafim-100m-portuguese-pt-sentence-encoder-ir,0.05,0,470,9865,2467,0.9794197909707516,0.9794197909707516,0.7251136570285507,0.7715160235241425,0.7715160235241425,0.1780650870759154
3e4fd639-4d45-4d2f-87fc-9da9651ede4f,EtaDevNet_eta_0.7,told-br_serafim-100m-portuguese-pt-sentence-encoder-ir,0.05,0,470,9865,2467,0.9451444294724444,0.9451444294724444,0.7478450627386797,0.3399297063779095,0.3399297063779095,0.1406585988720309
0962f79e-3f86-4ba8-8d52-f2cbeba4ea32,EtaDevNet_eta_0.8,told-br_serafim-100m-portuguese-pt-sentence-encoder-ir,0.05,0,470,9865,2467,0.8658725215993117,0.8658725215993117,0.7039934533551556,0.150585194429057,0.150585194429057,0.090913471463029
c373a3cb-e24c-4378-9c28-8c205dddb26f,EtaDevNet_eta_0.9,told-br_serafim-100m-portuguese-pt-sentence-encoder-ir,0.05,0,470,9865,2467,0.780406961602482,0.780406961602482,0.7680232769594473,0.1628000552298971,0.1628000552298971,0.1606269741286936
60413f2a-e8c3-43f9-99f9-9de387f4c6ea,EtaDevNetMC_eta_0.5,told-br_serafim-100m-portuguese-pt-sentence-encoder-ir,0.05,0,470,9865,2467,0.970368575407924,0.970368575407924,0.7551773049645389,0.8007116318201354,0.8007116318201354,0.1852131392217599
07830922-e516-4b5e-8e2c-cec85f961e3b,EtaDevNetMC_eta_0.6,told-br_serafim-100m-portuguese-pt-sentence-encoder-ir,0.05,0,470,9865,2467,0.9663404028851924,0.9663404028851924,0.7467648663393344,0.7039901859535826,0.7039901859535826,0.1649347091465958
f45a4f15-408d-4f80-9a40-7177ac44812b,EtaDevNetMC_eta_0.7,told-br_serafim-100m-portuguese-pt-sentence-encoder-ir,0.05,0,470,9865,2467,0.9707028410313318,0.9707028410313318,0.7446535733769777,0.5812849755691595,0.5812849755691595,0.2087276296734446
9b6e1927-aa01-4f9d-948b-25cabccd5331,EtaDevNetMC_eta_0.8,told-br_serafim-100m-portuguese-pt-sentence-encoder-ir,0.05,0,470,9865,2467,0.8543252975213164,0.8543252975213164,0.7093471540280051,0.1481003693716383,0.1481003693716383,0.087813565210468
33884887-e494-48e9-90a6-9dbbc20b07e3,EtaDevNetMC_eta_0.9,told-br_serafim-100m-portuguese-pt-sentence-encoder-ir,0.05,0,470,9865,2467,0.8587810401639622,0.8587810401639622,0.7500818330605564,0.1870774486703995,0.1870774486703995,0.1387271495429148
ac1d6f51-bc29-46af-ac95-604884708313,EtaDevNet_eta_0.5,wikinews_distiluse-base-multilingual-cased-v1,0.05,0,233,4896,1224,0.9801712688418276,0.9801712688418276,0.9084476843910808,0.7798927330051785,0.7798927330051785,0.5467757365473668
1e7e485e-d9dc-4b2e-b9d3-0919b776fab2,EtaDevNet_eta_0.6,wikinews_distiluse-base-multilingual-cased-v1,0.05,0,233,4896,1224,0.9765609827709508,0.9765609827709508,0.8871547288105518,0.5678076880220231,0.5678076880220231,0.3811322985582908
ca64bd56-5b22-4fd8-8e55-b0d515ddb74b,EtaDevNet_eta_0.7,wikinews_distiluse-base-multilingual-cased-v1,0.05,0,233,4896,1224,0.9767045658498692,0.9767045658498692,0.9420728100786656,0.6800207916886777,0.6800207916886777,0.5852714551833016
16afc075-27f4-43bb-888d-e27aabf96f4a,EtaDevNet_eta_0.8,wikinews_distiluse-base-multilingual-cased-v1,0.05,0,233,4896,1224,0.9729322886130336,0.9729322886130336,0.9474995563967586,0.5513126295801779,0.5513126295801779,0.5380679589490783
4207ed0f-0eab-4d47-9b58-7da9f03111c1,EtaDevNet_eta_0.9,wikinews_distiluse-base-multilingual-cased-v1,0.05,0,233,4896,1224,0.9433224204057328,0.9433224204057328,0.9341470988348022,0.5466694931626574,0.5466694931626574,0.5513268396487397
ba6743ff-32ce-4c03-851c-eb9666e9b403,EtaDevNetMC_eta_0.5,wikinews_distiluse-base-multilingual-cased-v1,0.05,0,233,4896,1224,0.9867783914829464,0.9867783914829464,0.9295114449636244,0.8642630847015039,0.8642630847015039,0.570783192467299
fd816f02-ff74-4d22-9b6f-11bd353be7cd,EtaDevNetMC_eta_0.6,wikinews_distiluse-base-multilingual-cased-v1,0.05,0,233,4896,1224,0.9837024001384288,0.9837024001384288,0.9492074288756136,0.7614162917496203,0.7614162917496203,0.5785516564729632
a8572437-594a-4005-b16a-47f9603f85a5,EtaDevNetMC_eta_0.7,wikinews_distiluse-base-multilingual-cased-v1,0.05,0,233,4896,1224,0.9751223907687124,0.9751223907687124,0.9387309989944992,0.6004279437704605,0.6004279437704605,0.4755304451533999
0b801944-13b2-443a-abb1-b317f031becf,EtaDevNetMC_eta_0.8,wikinews_distiluse-base-multilingual-cased-v1,0.05,0,233,4896,1224,0.9738872081282748,0.9738872081282748,0.9530667770745844,0.5448699211062832,0.5448699211062832,0.4891072999814825
3afb6191-b0d8-4fd5-ab23-e7f153e3bc44,EtaDevNetMC_eta_0.9,wikinews_distiluse-base-multilingual-cased-v1,0.05,0,233,4896,1224,0.9708544757883032,0.9708544757883032,0.9458508310167386,0.5623035171158167,0.5623035171158167,0.5142435644882347
bb56a17c-a3df-4d28-b61a-5bab7e738a90,EtaDevNet_eta_0.5,wikinews_distiluse-base-multilingual-cased-v2,0.05,0,233,4896,1224,0.9843807381458822,0.9843807381458822,0.9443721535458686,0.8541261806444057,0.8541261806444057,0.5626010539540852
c8a111eb-6bf4-4317-a84f-2e5d2171a9cb,EtaDevNet_eta_0.6,wikinews_distiluse-base-multilingual-cased-v2,0.05,0,233,4896,1224,0.9852321121715192,0.9852321121715192,0.9353817945229784,0.7395372745909888,0.7395372745909888,0.3988264139660369
e1e4f021-5bac-4864-9221-3c14ca8cc4fa,EtaDevNet_eta_0.7,wikinews_distiluse-base-multilingual-cased-v2,0.05,0,233,4896,1224,0.9739180416740684,0.9739180416740684,0.9066067309398474,0.5058479801420465,0.5058479801420465,0.3746565750591815
ddbad666-6aa0-460e-a1b2-6c800bcbd7c6,EtaDevNet_eta_0.8,wikinews_distiluse-base-multilingual-cased-v2,0.05,0,233,4896,1224,0.9766410579495785,0.9766410579495785,0.9383761164014908,0.5557114634953886,0.5557114634953886,0.4673244912114578
765bae21-acfe-44fb-a807-ce1d00b860a8,EtaDevNet_eta_0.9,wikinews_distiluse-base-multilingual-cased-v2,0.05,0,233,4896,1224,0.9526451960875452,0.9526451960875452,0.9376293842787012,0.4547808014790355,0.4547808014790355,0.4271649784301547
16a46d2a-426c-4fde-b3ce-fd564fc66630,EtaDevNetMC_eta_0.5,wikinews_distiluse-base-multilingual-cased-v2,0.05,0,233,4896,1224,0.9832421979624087,0.9832421979624087,0.92950405157627,0.8059069520533042,0.8059069520533042,0.5104628664875324
5d4b51f4-e9bd-40e3-b36c-565022796396,EtaDevNetMC_eta_0.6,wikinews_distiluse-base-multilingual-cased-v2,0.05,0,233,4896,1224,0.9875239190080988,0.9875239190080988,0.9341397054474478,0.7901134695935523,0.7901134695935523,0.5100596721400101
0f271f91-2f6f-462d-a17c-6fb81a8c933d,EtaDevNetMC_eta_0.7,wikinews_distiluse-base-multilingual-cased-v2,0.05,0,233,4896,1224,0.9843687728893056,0.9843687728893056,0.9414147986041286,0.7458875425909757,0.7458875425909757,0.5654379337001891
1cfd1a2d-d7a4-486f-9995-529dca7d3429,EtaDevNetMC_eta_0.8,wikinews_distiluse-base-multilingual-cased-v2,0.05,0,233,4896,1224,0.9707431068617066,0.9707431068617066,0.9485715975631396,0.4993823339286337,0.4993823339286337,0.48956325337455
a524f9a5-6f52-40e2-a24b-dd29f32ffc99,EtaDevNetMC_eta_0.9,wikinews_distiluse-base-multilingual-cased-v2,0.05,0,233,4896,1224,0.5251813426674605,0.5251813426674605,0.5338765008576329,0.0501293547042632,0.0501293547042632,0.0508228079571742
c54b9edc-c3d2-4a63-9668-f1ba99b7dc1f,EtaDevNet_eta_0.5,wikinews_xlm-roberta-large,0.05,0,233,4896,1224,0.5,0.5,0.5,0.0475898692810457,0.0475898692810457,0.0473856209150326
b0549c91-33bf-41fb-b318-658c74cc598e,EtaDevNet_eta_0.6,wikinews_xlm-roberta-large,0.05,0,233,4896,1224,0.978701843293796,0.978701843293796,0.934080558348613,0.6923245305145753,0.6923245305145753,0.523797224145285
1acbe16c-4fc7-482c-98c1-858ebcdc1c69,EtaDevNet_eta_0.7,wikinews_xlm-roberta-large,0.05,0,233,4896,1224,0.934221462172762,0.934221462172762,0.9365277695629028,0.480646499468305,0.480646499468305,0.4489100479229521
f9c81d62-5a40-41cd-bcfb-5756e9fade81,EtaDevNet_eta_0.8,wikinews_xlm-roberta-large,0.05,0,233,4896,1224,0.5,0.5,0.5,0.0475898692810457,0.0475898692810457,0.0473856209150326
72bc2015-c066-4d3a-a1cf-fc2b12d496c8,EtaDevNet_eta_0.9,wikinews_xlm-roberta-large,0.05,0,233,4896,1224,0.9552066813992725,0.9552066813992725,0.9326758147512864,0.5192647383982646,0.5192647383982646,0.4510882450554556
2375c994-2a86-42fe-abd9-aa86f173ad98,EtaDevNetMC_eta_0.5,wikinews_xlm-roberta-large,0.05,0,233,4896,1224,0.9672087541498732,0.9672087541498732,0.9519725557461408,0.7067511415671829,0.7067511415671829,0.5802533747876231
91ef84ac-01d7-430f-9808-cd88fa78f312,EtaDevNetMC_eta_0.6,wikinews_xlm-roberta-large,0.05,0,233,4896,1224,0.9702856658987428,0.9702856658987428,0.9428491157508724,0.5961112962330349,0.5961112962330349,0.4936112217823429
39702d18-e4f4-48e8-878d-20426dccb1d3,EtaDevNetMC_eta_0.7,wikinews_xlm-roberta-large,0.05,0,233,4896,1224,0.9728121758450924,0.9728121758450924,0.9537469687111848,0.6058475411825804,0.6058475411825804,0.4959040760299728
cc8a1dbe-4b7a-482d-b056-8790525bc24f,EtaDevNetMC_eta_0.8,wikinews_xlm-roberta-large,0.05,0,233,4896,1224,0.965111152631574,0.965111152631574,0.9512775773348318,0.569740726189647,0.569740726189647,0.4758484951239584
454d9481-0a07-4fbe-8be8-75597a034488,EtaDevNetMC_eta_0.9,wikinews_xlm-roberta-large,0.05,0,233,4896,1224,0.4618676476949853,0.4618676476949853,0.4690069202105636,0.0456744370116625,0.0456744370116625,0.0424626493470281
ca0dbe24-e0f1-4a7c-93e8-0e88fc824799,EtaDevNet_eta_0.5,wikinews_bert-base-portuguese-cased,0.05,0,233,4896,1224,0.9799130954210804,0.9799130954210804,0.9253563612704796,0.8819322168068776,0.8819322168068776,0.5647415105381015
b068f899-4b10-430e-85f1-aedf8b4c1e03,EtaDevNet_eta_0.6,wikinews_bert-base-portuguese-cased,0.05,0,233,4896,1224,0.9861451532887427,0.9861451532887427,0.9496510321168744,0.8700755438902306,0.8700755438902306,0.5764099405289286
ae7941e8-da94-42bc-9894-671527b8ab4d,EtaDevNet_eta_0.7,wikinews_bert-base-portuguese-cased,0.05,0,233,4896,1224,0.9916823058706152,0.9916823058706152,0.941192996983498,0.8468325949174841,0.8468325949174841,0.6033837645124965
1bcbe691-92e8-4d96-bfce-fcbe9ea60fb7,EtaDevNet_eta_0.8,wikinews_bert-base-portuguese-cased,0.05,0,233,4896,1224,0.9885805432042404,0.9885805432042404,0.943765895782812,0.7785026760469318,0.7785026760469318,0.6053263650950863
08364a9c-22de-4bfd-b3b8-547dcdf5cdb5,EtaDevNet_eta_0.9,wikinews_bert-base-portuguese-cased,0.05,0,233,4896,1224,0.9626030507722652,0.9626030507722652,0.9296740994854202,0.6156473025562265,0.6156473025562265,0.5413182567467574
c8c164a1-555a-4cd6-8024-216382224937,EtaDevNetMC_eta_0.5,wikinews_bert-base-portuguese-cased,0.05,0,233,4896,1224,0.980827977347008,0.980827977347008,0.9250754125510144,0.874223347907388,0.874223347907388,0.5156823055170392
f2b070b0-b20b-47da-baee-f40ab76200d8,EtaDevNetMC_eta_0.6,wikinews_bert-base-portuguese-cased,0.05,0,233,4896,1224,0.9852845752195856,0.9852845752195856,0.9569335186609098,0.8332963016007601,0.8332963016007601,0.6074573623928741
30d18f09-d44c-41cd-88ee-f50457034fde,EtaDevNetMC_eta_0.7,wikinews_bert-base-portuguese-cased,0.05,0,233,4896,1224,0.986011694657697,0.986011694657697,0.9583160820961732,0.7575885228972815,0.7575885228972815,0.5842587359515252
b9078e94-75bb-4b67-9112-fb0c7a4cdc55,EtaDevNetMC_eta_0.8,wikinews_bert-base-portuguese-cased,0.05,0,233,4896,1224,0.9659312329092418,0.9659312329092418,0.9395664517655408,0.544588837637093,0.544588837637093,0.4791779084783277
e3bc5259-b468-414d-a52c-8dd81aa29184,EtaDevNetMC_eta_0.9,wikinews_bert-base-portuguese-cased,0.05,0,233,4896,1224,0.9606987341678946,0.9606987341678946,0.9335334476843912,0.5745324327470996,0.5745324327470996,0.5093911840019838
3dd47208-5032-4d49-b28f-1355f620d9b1,EtaDevNet_eta_0.5,wikinews_bert-large-portuguese-cased,0.05,0,233,4896,1224,0.9772107882434912,0.9772107882434912,0.7816732714260366,0.8657065308568032,0.8657065308568032,0.4113738661601365
6ab8471f-efd6-493d-8bae-fe9a66f3b708,EtaDevNet_eta_0.6,wikinews_bert-large-portuguese-cased,0.05,0,233,4896,1224,0.9833959054891996,0.9833959054891996,0.8611521854853019,0.8277582552213909,0.8277582552213909,0.5254384993489201
c3a6b0cb-52d4-451f-b655-4f37d14d95f6,EtaDevNet_eta_0.7,wikinews_bert-large-portuguese-cased,0.05,0,233,4896,1224,0.9849955682530448,0.9849955682530448,0.9100520494469746,0.792201196887433,0.792201196887433,0.5468160154933914
7b190874-abaa-4af4-b3a3-08e2954ea81b,EtaDevNet_eta_0.8,wikinews_bert-large-portuguese-cased,0.05,0,233,4896,1224,0.9883946215251284,0.9883946215251284,0.912314425977406,0.7393010041795954,0.7393010041795954,0.5084628244990218
80cab762-93ba-40c1-9762-cd6a6704d808,EtaDevNet_eta_0.9,wikinews_bert-large-portuguese-cased,0.05,0,233,4896,1224,0.9802177492616057,0.9802177492616057,0.9171792748565682,0.6699339719782715,0.6699339719782715,0.4990965333649673
a5379995-4b7f-4d8a-a244-b749592c3c9d,EtaDevNetMC_eta_0.5,wikinews_bert-large-portuguese-cased,0.05,0,233,4896,1224,0.98036409355358,0.98036409355358,0.852708937126634,0.8683409543645146,0.8683409543645146,0.5044599214069442
eee05bba-5ade-4cbe-a2cc-1546979f2c8b,EtaDevNetMC_eta_0.6,wikinews_bert-large-portuguese-cased,0.05,0,233,4896,1224,0.9747753983279934,0.9747753983279934,0.929038268172946,0.6972743880554537,0.6972743880554537,0.4460848354817514
26895fe4-19fc-4989-916c-abb57853d3f9,EtaDevNetMC_eta_0.7,wikinews_bert-large-portuguese-cased,0.05,0,233,4896,1224,0.9874493662555834,0.9874493662555834,0.928402436860472,0.8431943068298778,0.8431943068298778,0.5623975805576258
c3104a58-3d0e-462b-8092-9e885b4911d9,EtaDevNetMC_eta_0.8,wikinews_bert-large-portuguese-cased,0.05,0,233,4896,1224,0.9893177870902246,0.9893177870902246,0.9322174247353168,0.7739503746825488,0.7739503746825488,0.552348448610182
6995587b-08f2-4c78-9d97-913983604ff4,EtaDevNetMC_eta_0.9,wikinews_bert-large-portuguese-cased,0.05,0,233,4896,1224,0.9720307525502104,0.9720307525502104,0.9324244395812386,0.5661831065289463,0.5661831065289463,0.4017751734090983
3e0ae079-f876-4e64-a0c8-951e2cd55f7f,EtaDevNet_eta_0.5,wikinews_serafim-100m-portuguese-pt-sentence-encoder-ir,0.05,0,233,4896,1224,0.986609497284347,0.986609497284347,0.8844265688767966,0.9061553005071226,0.9061553005071226,0.5753153197004259
fa2fa4fa-0873-4717-afd8-208a327d8689,EtaDevNet_eta_0.6,wikinews_serafim-100m-portuguese-pt-sentence-encoder-ir,0.05,0,233,4896,1224,0.9932474534712592,0.9932474534712592,0.8775950789613769,0.840633589161742,0.840633589161742,0.5550563586346835
7b8928bc-8c66-4d66-a703-ee368a699799,EtaDevNet_eta_0.7,wikinews_serafim-100m-portuguese-pt-sentence-encoder-ir,0.05,0,233,4896,1224,0.9912616810817328,0.9912616810817328,0.9259921925829538,0.8143629700169159,0.8143629700169159,0.5931694745691027
083e5996-a91e-4ac7-b9ea-2eee0e5a9fa2,EtaDevNet_eta_0.8,wikinews_serafim-100m-portuguese-pt-sentence-encoder-ir,0.05,0,233,4896,1224,0.98575122022607,0.98575122022607,0.9310049092092032,0.6792636960602696,0.6792636960602696,0.5836046832137747
b7690e56-1663-4c91-b092-c2b4d72f8d2c,EtaDevNet_eta_0.9,wikinews_serafim-100m-portuguese-pt-sentence-encoder-ir,0.05,0,233,4896,1224,0.9681659746759944,0.9681659746759944,0.94208020346602,0.5075544367200348,0.5075544367200348,0.5650759073910898
c6dd5a38-d88e-4b44-afbf-7382d4e4419e,EtaDevNetMC_eta_0.5,wikinews_serafim-100m-portuguese-pt-sentence-encoder-ir,0.05,0,233,4896,1224,0.9888723113838372,0.9888723113838372,0.9029248240373812,0.9448582204854976,0.9448582204854976,0.6431118592529391
4bf3207c-511e-47d6-b9e7-c0f460570814,EtaDevNetMC_eta_0.6,wikinews_serafim-100m-portuguese-pt-sentence-encoder-ir,0.05,0,233,4896,1224,0.9976345608152574,0.9976345608152574,0.90788578695215,0.9169758445236104,0.9169758445236104,0.5936023036063259
476ecd2d-b5e8-45d8-9660-2d543f8be105,EtaDevNetMC_eta_0.7,wikinews_serafim-100m-portuguese-pt-sentence-encoder-ir,0.05,0,233,4896,1224,0.9946736200147448,0.9946736200147448,0.9173567161530728,0.8388573025442367,0.8388573025442367,0.5804968524806481
727a9b5d-18cd-4c45-9db2-cbc8b2d75738,EtaDevNetMC_eta_0.8,wikinews_serafim-100m-portuguese-pt-sentence-encoder-ir,0.05,0,233,4896,1224,0.9869274969879768,0.9869274969879768,0.9334151534867214,0.7096649903321418,0.7096649903321418,0.5963489423046991
afd0483f-309d-4e27-8348-1c8a6f1246b9,EtaDevNetMC_eta_0.9,wikinews_serafim-100m-portuguese-pt-sentence-encoder-ir,0.05,0,233,4896,1224,0.989560773839163,0.989560773839163,0.9329863370201692,0.7335362229768139,0.7335362229768139,0.585137207440211
e453016b-a43b-4540-b01f-ba85c80acd69,EtaDevNet_eta_0.5,portuguese-tweets-for-sentiment-analysis_distiluse-base-multilingual-cased-v1,0.05,0,1596,33524,8382,0.9799746798718167,0.9799746798718167,0.9640583357429022,0.8329331344009665,0.8329331344009665,0.7574523819858316
c5ea1b15-1feb-472f-8942-9ed4dbe07f4f,EtaDevNet_eta_0.6,portuguese-tweets-for-sentiment-analysis_distiluse-base-multilingual-cased-v1,0.05,0,1596,33524,8382,0.9804209082748214,0.9804209082748214,0.9660660482472624,0.7872780809862719,0.7872780809862719,0.7199696085788854
4aed1c81-c8f7-4955-8fd6-cb06581dc611,EtaDevNet_eta_0.7,portuguese-tweets-for-sentiment-analysis_distiluse-base-multilingual-cased-v1,0.05,0,1596,33524,8382,0.9781285088347278,0.9781285088347278,0.9554382009137838,0.720599829989201,0.720599829989201,0.6736470392681543
a89f777c-2ee2-4076-b198-ac9d008a60de,EtaDevNet_eta_0.8,portuguese-tweets-for-sentiment-analysis_distiluse-base-multilingual-cased-v1,0.05,0,1596,33524,8382,0.8404052346947298,0.8404052346947298,0.8148047684035341,0.3507231155446001,0.3507231155446001,0.2976666938852121
c7c0ca87-960c-45a5-b41e-ec90c0ee076a,EtaDevNet_eta_0.9,portuguese-tweets-for-sentiment-analysis_distiluse-base-multilingual-cased-v1,0.05,0,1596,33524,8382,0.9525562469346756,0.9525562469346756,0.9344765207519612,0.587862404608303,0.587862404608303,0.5558021169992365
f86e7689-2b8d-47a0-a4b3-2d74d6cc4620,EtaDevNetMC_eta_0.5,portuguese-tweets-for-sentiment-analysis_distiluse-base-multilingual-cased-v1,0.05,0,1596,33524,8382,0.9749720980916334,0.9749720980916334,0.959211884151064,0.7633477951250034,0.7633477951250034,0.716396594795406
ea8da977-2f4a-4599-a5f0-fd0a7242aa7a,EtaDevNetMC_eta_0.6,portuguese-tweets-for-sentiment-analysis_distiluse-base-multilingual-cased-v1,0.05,0,1596,33524,8382,0.9775351762643892,0.9775351762643892,0.9650617210695536,0.775942727558889,0.775942727558889,0.7196676422123935
e71ac09e-c01f-4219-aa27-1f6837073a2e,EtaDevNetMC_eta_0.7,portuguese-tweets-for-sentiment-analysis_distiluse-base-multilingual-cased-v1,0.05,0,1596,33524,8382,0.9787729824749798,0.9787729824749798,0.9559260797615984,0.7698253247515053,0.7698253247515053,0.7071574025720188
1d33cc84-37c1-4429-8adf-ade03bffcdbe,EtaDevNetMC_eta_0.8,portuguese-tweets-for-sentiment-analysis_distiluse-base-multilingual-cased-v1,0.05,0,1596,33524,8382,0.9794020215597878,0.9794020215597878,0.9633847552615724,0.7425914877115343,0.7425914877115343,0.6965411291326417
3d82e6c1-45bb-4011-bd28-30d82a751231,EtaDevNetMC_eta_0.9,portuguese-tweets-for-sentiment-analysis_distiluse-base-multilingual-cased-v1,0.05,0,1596,33524,8382,0.5009701398164668,0.5009701398164668,0.4976784941182971,0.0483609713663998,0.0483609713663998,0.0476112402107268
af26cb7c-3e5e-49fe-bb5f-5ebaea180213,EtaDevNet_eta_0.5,portuguese-tweets-for-sentiment-analysis_distiluse-base-multilingual-cased-v2,0.05,0,1596,33524,8382,0.961298799099352,0.961298799099352,0.9479248980524716,0.6482396872285373,0.6482396872285373,0.5918924408447144
643310b6-41de-41e2-bed7-bbe169a3f9fe,EtaDevNet_eta_0.6,portuguese-tweets-for-sentiment-analysis_distiluse-base-multilingual-cased-v2,0.05,0,1596,33524,8382,0.967029630892566,0.967029630892566,0.9500630569283036,0.6470970615091172,0.6470970615091172,0.5969442768956278
b9db7dc9-a38c-49b8-b0fd-254b9a150136,EtaDevNet_eta_0.7,portuguese-tweets-for-sentiment-analysis_distiluse-base-multilingual-cased-v2,0.05,0,1596,33524,8382,0.965211375500892,0.965211375500892,0.9494200866063444,0.6161441432736484,0.6161441432736484,0.572190645919957
e66e8083-54c0-45b2-b299-0983d473e741,EtaDevNet_eta_0.8,portuguese-tweets-for-sentiment-analysis_distiluse-base-multilingual-cased-v2,0.05,0,1596,33524,8382,0.6081973816871169,0.6081973816871169,0.5880363881016584,0.0797794939722967,0.0797794939722967,0.0676011741255016
d53ee915-cc2b-493d-afdc-33f51b860408,EtaDevNet_eta_0.9,portuguese-tweets-for-sentiment-analysis_distiluse-base-multilingual-cased-v2,0.05,0,1596,33524,8382,0.9240389384102954,0.9240389384102954,0.9006937360939615,0.4794821444130268,0.4794821444130268,0.4331024212992198
e7915808-d8b1-4307-a476-643dbfacb181,EtaDevNetMC_eta_0.5,portuguese-tweets-for-sentiment-analysis_distiluse-base-multilingual-cased-v2,0.05,0,1596,33524,8382,0.4858505160263474,0.4858505160263474,0.5294854322327175,0.0460111914078461,0.0460111914078461,0.0521835779059532
868d7948-fa80-4ea5-bbb1-ed2a6f89e5d2,EtaDevNetMC_eta_0.6,portuguese-tweets-for-sentiment-analysis_distiluse-base-multilingual-cased-v2,0.05,0,1596,33524,8382,0.969944573755863,0.969944573755863,0.9541999807234482,0.7214723577945461,0.7214723577945461,0.6587529296385158
2f607919-50b7-4f5a-a5e6-8dc30c7ef421,EtaDevNetMC_eta_0.7,portuguese-tweets-for-sentiment-analysis_distiluse-base-multilingual-cased-v2,0.05,0,1596,33524,8382,0.9668129583856911,0.9668129583856911,0.9485683392999598,0.6597120476543668,0.6597120476543668,0.6003525055274719
f12488f8-79a7-41f3-b85b-9163b72f6b5d,EtaDevNetMC_eta_0.8,portuguese-tweets-for-sentiment-analysis_distiluse-base-multilingual-cased-v2,0.05,0,1596,33524,8382,0.9650279270275416,0.9650279270275416,0.9477457893763596,0.6355407074904672,0.6355407074904672,0.5898057297756684
eb96c5eb-bab9-47c3-a7c9-900b39de70c8,EtaDevNetMC_eta_0.9,portuguese-tweets-for-sentiment-analysis_distiluse-base-multilingual-cased-v2,0.05,0,1596,33524,8382,0.4872864202915206,0.4872864202915206,0.5193658705199677,0.0461122691750329,0.0461122691750329,0.0498415347983377
c9faf88d-8a6c-407b-8704-0243453271de,EtaDevNet_eta_0.5,portuguese-tweets-for-sentiment-analysis_xlm-roberta-large,0.05,0,1596,33524,8382,0.9930989973367396,0.9930989973367396,0.988762147131577,0.9421296045054932,0.9421296045054932,0.910941807261248
23330f7f-13d9-4b23-a0a6-febe7e841671,EtaDevNet_eta_0.6,portuguese-tweets-for-sentiment-analysis_xlm-roberta-large,0.05,0,1596,33524,8382,0.9929072281367411,0.9929072281367411,0.9886544621606628,0.9408653917519226,0.9408653917519226,0.9066580147536668
abc8f3b1-7524-4133-9b9a-c4f54dd7aefb,EtaDevNet_eta_0.7,portuguese-tweets-for-sentiment-analysis_xlm-roberta-large,0.05,0,1596,33524,8382,0.9927638231603816,0.9927638231603816,0.9896537661327314,0.9175454908837288,0.9175454908837288,0.8735211012096886
9c8e8ce7-d8ae-4e5c-b449-6094297fbd20,EtaDevNet_eta_0.8,portuguese-tweets-for-sentiment-analysis_xlm-roberta-large,0.05,0,1596,33524,8382,0.992997284303216,0.992997284303216,0.9863017182188843,0.8931240343976639,0.8931240343976639,0.849706882761013
75e51585-6c30-45ca-b924-03dca176ab3c,EtaDevNet_eta_0.9,portuguese-tweets-for-sentiment-analysis_xlm-roberta-large,0.05,0,1596,33524,8382,0.9757799837384742,0.9757799837384742,0.956661037536846,0.8249138725525663,0.8249138725525663,0.7662271099208167
3df63502-77c8-4a7b-802a-a3b542135e7a,EtaDevNetMC_eta_0.5,portuguese-tweets-for-sentiment-analysis_xlm-roberta-large,0.05,0,1596,33524,8382,0.9950344886269796,0.9950344886269796,0.9929304659619737,0.95318288617373,0.95318288617373,0.9236040877553144
28c4f449-959f-47cb-97da-ff94f3e19c72,EtaDevNetMC_eta_0.6,portuguese-tweets-for-sentiment-analysis_xlm-roberta-large,0.05,0,1596,33524,8382,0.9944690717020565,0.9944690717020565,0.9920507770742152,0.936596323827697,0.936596323827697,0.9009333231045836
f81acc5c-3c4c-4588-9170-40a12734ffb3,EtaDevNetMC_eta_0.7,portuguese-tweets-for-sentiment-analysis_xlm-roberta-large,0.05,0,1596,33524,8382,0.994123133566816,0.994123133566816,0.9918539302031856,0.9329371983902266,0.9329371983902266,0.8982480623448565
d679f370-02ad-497c-a22c-7a6ad6bb8694,EtaDevNetMC_eta_0.8,portuguese-tweets-for-sentiment-analysis_xlm-roberta-large,0.05,0,1596,33524,8382,0.9889044876347722,0.9889044876347722,0.9823271067559918,0.8485861273186954,0.8485861273186954,0.8107445652115544
a30535ad-6452-4889-a0e7-2a6427ba117e,EtaDevNetMC_eta_0.9,portuguese-tweets-for-sentiment-analysis_xlm-roberta-large,0.05,0,1596,33524,8382,0.5009314503999914,0.5009314503999914,0.5034780989803834,0.0484964131029781,0.0484964131029781,0.0486106211689114
708630c5-0f72-4dea-a174-f3ec77aa34c3,EtaDevNet_eta_0.5,portuguese-tweets-for-sentiment-analysis_bert-base-portuguese-cased,0.05,0,1596,33524,8382,0.9863689522446808,0.9863689522446808,0.9754402918231316,0.808798013010742,0.808798013010742,0.7596862848873289
7162ccd9-a2ad-47ae-a114-7e9d7d3ec427,EtaDevNet_eta_0.6,portuguese-tweets-for-sentiment-analysis_bert-base-portuguese-cased,0.05,0,1596,33524,8382,0.9799344597556282,0.9799344597556282,0.9487997207097664,0.7589225677166107,0.7589225677166107,0.6996708826129141
79056625-d710-4f19-86ad-f8d401a06e7d,EtaDevNet_eta_0.7,portuguese-tweets-for-sentiment-analysis_bert-base-portuguese-cased,0.05,0,1596,33524,8382,0.985412176614174,0.985412176614174,0.9703326335379976,0.784862890371297,0.784862890371297,0.7504066869915043
1d8319ff-dbb4-4244-8bb1-98642e4851f6,EtaDevNet_eta_0.8,portuguese-tweets-for-sentiment-analysis_bert-base-portuguese-cased,0.05,0,1596,33524,8382,0.9800972339706696,0.9800972339706696,0.9569649414780844,0.7594084784352275,0.7594084784352275,0.7156520302931388
bc32063d-a9e2-46e4-bf05-87f1ddbc97b9,EtaDevNet_eta_0.9,portuguese-tweets-for-sentiment-analysis_bert-base-portuguese-cased,0.05,0,1596,33524,8382,0.7893967861742806,0.7893967861742806,0.7652174090493677,0.2797013336338374,0.2797013336338374,0.2722052728007532
5168249c-64ce-4a65-9eb5-aa5efa5eef18,EtaDevNetMC_eta_0.5,portuguese-tweets-for-sentiment-analysis_bert-base-portuguese-cased,0.05,0,1596,33524,8382,0.9799300344635078,0.9799300344635078,0.9595898803754972,0.8372091069850327,0.8372091069850327,0.7777274590913738
7fb7e4a4-18ef-4aa9-a339-f44678193613,EtaDevNetMC_eta_0.6,portuguese-tweets-for-sentiment-analysis_bert-base-portuguese-cased,0.05,0,1596,33524,8382,0.984508690920486,0.984508690920486,0.9436650626943156,0.844866749308318,0.844866749308318,0.7647280296157626
d02c9384-d21d-47ed-9fe6-44740b46d7b9,EtaDevNetMC_eta_0.7,portuguese-tweets-for-sentiment-analysis_bert-base-portuguese-cased,0.05,0,1596,33524,8382,0.96564886125361,0.96564886125361,0.9442678473711524,0.7087448882702586,0.7087448882702586,0.6612871684262271
0badd6b8-a0c4-4405-9795-c120eb6a72e0,EtaDevNetMC_eta_0.8,portuguese-tweets-for-sentiment-analysis_bert-base-portuguese-cased,0.05,0,1596,33524,8382,0.9715962576197448,0.9715962576197448,0.9490615553037672,0.6909312982750461,0.6909312982750461,0.6558253784873227
9ea81c94-2248-46b7-b229-86c80010ff23,EtaDevNetMC_eta_0.9,portuguese-tweets-for-sentiment-analysis_bert-base-portuguese-cased,0.05,0,1596,33524,8382,0.9599529902493644,0.9599529902493644,0.9406282209343978,0.5780867305791909,0.5780867305791909,0.5566051653257297
c63e7391-3f34-4e96-a39a-11dc305416a7,EtaDevNet_eta_0.5,portuguese-tweets-for-sentiment-analysis_bert-large-portuguese-cased,0.05,0,1596,33524,8382,0.9958757062412986,0.9958757062412986,0.992292675820831,0.9001793495252072,0.9001793495252072,0.8241663004701214
c11a2ef8-cc92-4c3c-ae75-daace65ad3b9,EtaDevNet_eta_0.6,portuguese-tweets-for-sentiment-analysis_bert-large-portuguese-cased,0.05,0,1596,33524,8382,0.9802957735732466,0.9802957735732466,0.9565169343250396,0.9250007622001686,0.9250007622001686,0.872207494753362
6cbdf11d-2dc1-46f8-bf6c-86d1b82a9c90,EtaDevNet_eta_0.7,portuguese-tweets-for-sentiment-analysis_bert-large-portuguese-cased,0.05,0,1596,33524,8382,0.9954171537431652,0.9954171537431652,0.986428554161302,0.9329631099185176,0.9329631099185176,0.8889685576408743
d74e64bb-dc42-4cb6-87a6-c1c021683fd6,EtaDevNet_eta_0.8,portuguese-tweets-for-sentiment-analysis_bert-large-portuguese-cased,0.05,0,1596,33524,8382,0.9941279807825756,0.9941279807825756,0.9879731898956964,0.906938242866978,0.906938242866978,0.8593646238308832
812ab18f-58d2-4968-acc9-fb20972216f9,EtaDevNet_eta_0.9,portuguese-tweets-for-sentiment-analysis_bert-large-portuguese-cased,0.05,0,1596,33524,8382,0.9870569134562792,0.9870569134562792,0.9790613951890876,0.693216212994489,0.693216212994489,0.6511718327936376
5c95569f-fce6-43e0-b526-aadd4b1d16e1,EtaDevNetMC_eta_0.5,portuguese-tweets-for-sentiment-analysis_bert-large-portuguese-cased,0.05,0,1596,33524,8382,0.9910340637989364,0.9910340637989364,0.9851523459783118,0.9271129093949992,0.9271129093949992,0.8860298011584775
bc13ea64-3480-4979-8e79-f61b03c45cf4,EtaDevNetMC_eta_0.6,portuguese-tweets-for-sentiment-analysis_bert-large-portuguese-cased,0.05,0,1596,33524,8382,0.9921605606662608,0.9921605606662608,0.9785454177847224,0.9271635565651168,0.9271635565651168,0.8790787398435375
5704d869-3728-4b7a-8997-e1a392d3acc2,EtaDevNetMC_eta_0.7,portuguese-tweets-for-sentiment-analysis_bert-large-portuguese-cased,0.05,0,1596,33524,8382,0.9950193582490426,0.9950193582490426,0.991187099654435,0.9324571778521832,0.9324571778521832,0.8991324338528074
f6631de1-6129-4964-8a59-5ed2e3df9a86,EtaDevNetMC_eta_0.8,portuguese-tweets-for-sentiment-analysis_bert-large-portuguese-cased,0.05,0,1596,33524,8382,0.9904514363144142,0.9904514363144142,0.9835110135353414,0.8824002616182267,0.8824002616182267,0.8382601944186641
05ed471b-8a64-435d-bdc0-04568ed2d61b,EtaDevNetMC_eta_0.9,portuguese-tweets-for-sentiment-analysis_bert-large-portuguese-cased,0.05,0,1596,33524,8382,0.9710067419865124,0.9710067419865124,0.9642247294297374,0.613737525783542,0.613737525783542,0.5891787047699492
f5dbd5e1-e464-4795-a7ed-9fca5438c210,EtaDevNet_eta_0.5,portuguese-tweets-for-sentiment-analysis_serafim-100m-portuguese-pt-sentence-encoder-ir,0.05,0,1596,33524,8382,0.9613776203224172,0.9613776203224172,0.9103714126855408,0.6428115284973032,0.6428115284973032,0.5349429810402699
5ccb1cd8-fb8d-4b9e-91b1-277eea9e6e01,EtaDevNet_eta_0.6,portuguese-tweets-for-sentiment-analysis_serafim-100m-portuguese-pt-sentence-encoder-ir,0.05,0,1596,33524,8382,0.956669374435211,0.956669374435211,0.8800602910256978,0.4692814974592565,0.4692814974592565,0.3843771226847707
07a3c748-16b6-4a4a-b1fd-132839b3e12e,EtaDevNet_eta_0.7,portuguese-tweets-for-sentiment-analysis_serafim-100m-portuguese-pt-sentence-encoder-ir,0.05,0,1596,33524,8382,0.955303823483791,0.955303823483791,0.8990103343037538,0.5272214079218022,0.5272214079218022,0.4493512538959194
6b1fe7f2-af1b-4b4c-8b47-fd37f3d9ecc5,EtaDevNet_eta_0.8,portuguese-tweets-for-sentiment-analysis_serafim-100m-portuguese-pt-sentence-encoder-ir,0.05,0,1596,33524,8382,0.9308225089314364,0.9308225089314364,0.8850726653788423,0.4117085959961974,0.4117085959961974,0.3563885574541819
20c3bbf8-4370-4b78-837a-edba8977d2a8,EtaDevNet_eta_0.9,portuguese-tweets-for-sentiment-analysis_serafim-100m-portuguese-pt-sentence-encoder-ir,0.05,0,1596,33524,8382,0.5127583036142097,0.5127583036142097,0.5208112979429659,0.0511661572496608,0.0511661572496608,0.0517405397442798
abbf8744-4aef-4062-9fa8-7ab1b6fdcb7c,EtaDevNetMC_eta_0.5,portuguese-tweets-for-sentiment-analysis_serafim-100m-portuguese-pt-sentence-encoder-ir,0.05,0,1596,33524,8382,0.9691821381158986,0.9691821381158986,0.9238146098052348,0.6986440295662397,0.6986440295662397,0.5254583663933521
2aa95614-8cda-48fe-b7c6-86de4dbae68d,EtaDevNetMC_eta_0.6,portuguese-tweets-for-sentiment-analysis_serafim-100m-portuguese-pt-sentence-encoder-ir,0.05,0,1596,33524,8382,0.9735431702847696,0.9735431702847696,0.9105724978863292,0.680094434130344,0.680094434130344,0.5396681973606496
41ee772b-0269-43f2-b8e4-93fb156d84c4,EtaDevNetMC_eta_0.7,portuguese-tweets-for-sentiment-analysis_serafim-100m-portuguese-pt-sentence-encoder-ir,0.05,0,1596,33524,8382,0.9614656355559408,0.9614656355559408,0.9123547940375804,0.5954902996332929,0.5954902996332929,0.5166286603630651
18a1e78f-5ceb-4bcc-aea7-cfec2f2c4be9,EtaDevNetMC_eta_0.8,portuguese-tweets-for-sentiment-analysis_serafim-100m-portuguese-pt-sentence-encoder-ir,0.05,0,1596,33524,8382,0.935906414039986,0.935906414039986,0.8921301123282968,0.462916202834958,0.462916202834958,0.3649331348883208
99c350a7-2e07-461e-bf4d-85d1d353d832,EtaDevNetMC_eta_0.9,portuguese-tweets-for-sentiment-analysis_serafim-100m-portuguese-pt-sentence-encoder-ir,0.05,0,1596,33524,8382,0.8417996726971525,0.8417996726971525,0.8107328323313607,0.2630966815112385,0.2630966815112385,0.2334403735206864
4ddb73c8-37e0-4422-a0b9-9f0aa56bd396,DevNet,20_newsgroups_distiluse-base-multilingual-cased-v1,0.05,0,39,838,210,0.9973685055036744,0.9973685055036744,0.9945,0.9699428524749892,0.9699428524749892,0.928054298642534
320d56dd-244f-4834-93aa-24a4f04c743b,DeepSAD,20_newsgroups_distiluse-base-multilingual-cased-v1,0.05,0,39,838,210,1.0,1.0,0.994,1.0,1.0,0.9376190476190476
1d57b5ef-341b-4f18-bffe-5a4ecc632228,XGBOD,20_newsgroups_distiluse-base-multilingual-cased-v1,0.05,0,39,838,210,1.0,1.0,0.995,1.0,1.0,0.95
356e55a9-493e-4253-a58a-ae05f1d29fcb,MLP,20_newsgroups_distiluse-base-multilingual-cased-v1,0.05,0,39,838,210,1.0,1.0,0.9975,1.0,1.0,0.9666666666666668
1e681021-79e1-4fba-826f-9e4d1d082d61,IForest,20_newsgroups_distiluse-base-multilingual-cased-v1,,0,0,838,210,,0.8451269214723532,0.8955000000000001,0.0,0.1472831948779892,0.4323937785938813
314ca43e-3be0-4757-a0fb-55f13e0d0f42,LOF,20_newsgroups_distiluse-base-multilingual-cased-v1,,0,0,838,210,,0.8500048137094445,0.8545,0.0,0.1806946632754208,0.2120983136430667
2ae58a80-b61e-4b92-8d95-8481d31bc610,DeepSVDD,20_newsgroups_distiluse-base-multilingual-cased-v1,,0,0,838,210,,0.8432335290908507,0.7535000000000001,0.0,0.2216535288169769,0.1402101534482223
cb8b6bfe-a5a2-4dd6-90d5-eca551e9a0bf,OCSVM,20_newsgroups_distiluse-base-multilingual-cased-v1,,0,0,838,210,,0.6434645871441866,0.8035000000000001,0.0,0.0904814907849242,0.1809649120869758
d01fd76e-7782-4d22-9717-5a210642bb84,OneClassSVM,20_newsgroups_distiluse-base-multilingual-cased-v1,,0,0,838,210,,0.3565354128558133,0.1965,0.0,0.0344042590041744,0.0308152827782183
2d444adf-beba-4d49-8e08-9c545a39d1c6,AutoEncoder,20_newsgroups_distiluse-base-multilingual-cased-v1,,0,0,838,210,,0.8834761400468534,0.9215,0.0,0.2128791044763622,0.3329635677187173
ab665797-0610-4970-a29b-3c3b9ebc4dc1,VAE,20_newsgroups_distiluse-base-multilingual-cased-v1,,0,0,838,210,,0.8727255222874748,0.902,0.0,0.1678945863970399,0.2071346057683905
1db9bcd6-1a20-4afb-ab52-ca0d26d15b91,HBOS,20_newsgroups_distiluse-base-multilingual-cased-v1,,0,0,838,210,,0.881390199287571,0.941,0.0,0.1861917490699096,0.3569403669945465
f1e0aca9-0229-4fb8-a381-791b4c0db5ff,DevNet,20_newsgroups_distiluse-base-multilingual-cased-v2,0.05,0,39,838,210,0.9977215108629376,0.9977215108629376,0.994,0.970300784548252,0.970300784548252,0.9247863247863248
25dbaa5f-7a99-4cd0-99a9-1c7a14a373d7,DeepSAD,20_newsgroups_distiluse-base-multilingual-cased-v2,0.05,0,39,838,210,1.0,1.0,0.9955,1.0,1.0,0.9455555555555556
35bed3e9-7def-4c58-b019-b2ae39ec2af6,XGBOD,20_newsgroups_distiluse-base-multilingual-cased-v2,0.05,0,39,838,210,1.0,1.0,0.9965,1.0,1.0,0.9588235294117646
62164b4f-e629-4a13-863b-91c3be1d4f52,MLP,20_newsgroups_distiluse-base-multilingual-cased-v2,0.05,0,39,838,210,1.0,1.0,0.9975,1.0,1.0,0.9666666666666668
bd5d18ec-0004-4811-b060-c9e3ae40be2e,IForest,20_newsgroups_distiluse-base-multilingual-cased-v2,,0,0,838,210,,0.7904752735791534,0.8585,0.0,0.1229783923133933,0.1948700474121231
1f856cfc-a08c-457c-9b6c-bd59b37bb76c,LOF,20_newsgroups_distiluse-base-multilingual-cased-v2,,0,0,838,210,,0.8110779500016045,0.8555,0.0,0.1684119942681797,0.1653468464260384
6545894e-9ec9-4f0d-ac10-e494a9864d0c,DeepSVDD,20_newsgroups_distiluse-base-multilingual-cased-v2,,0,0,838,210,,0.7129424601264401,0.702,0.0,0.0917254776108132,0.1039372275108482
6dd4d7ed-1a74-403c-8ad0-251b42df86c3,OCSVM,20_newsgroups_distiluse-base-multilingual-cased-v2,,0,0,838,210,,0.6347036359552004,0.7705,0.0,0.0965947756044358,0.1349401186448798
862685db-3093-4936-875c-ade6bdccd025,OneClassSVM,20_newsgroups_distiluse-base-multilingual-cased-v2,,0,0,838,210,,0.3652963640447996,0.2295,0.0,0.0364211936114264,0.0318664596125458
03fefab6-99db-422b-b86c-0e50d4d51abe,AutoEncoder,20_newsgroups_distiluse-base-multilingual-cased-v2,,0,0,838,210,,0.8315843522351658,0.9025,0.0,0.1619069455451732,0.2619856585909217
7e15265b-0dfb-4db1-9640-a3fa82f025fa,VAE,20_newsgroups_distiluse-base-multilingual-cased-v2,,0,0,838,210,,0.834600943487051,0.9195,0.0,0.1483446742300134,0.2846854100528373
6b027787-dfc7-4c79-a6a0-0cc595f34dc9,HBOS,20_newsgroups_distiluse-base-multilingual-cased-v2,,0,0,838,210,,0.8301402394018164,0.917,0.0,0.1486152360681144,0.270246111656489
a7f272bb-00c1-44c2-ac41-d9e432547ad5,DevNet,20_newsgroups_xlm-roberta-large,0.05,0,39,838,210,0.9939347260999326,0.9939347260999326,0.9865,0.9067627577088392,0.9067627577088392,0.7607700632700631
ffc47f46-2772-4343-9400-0dbf1719bfff,DeepSAD,20_newsgroups_xlm-roberta-large,0.05,0,39,838,210,1.0,1.0,0.984,1.0,1.0,0.8629419191919191
1eb443ec-633e-4736-94ce-9ef5a993b29f,XGBOD,20_newsgroups_xlm-roberta-large,0.05,0,39,838,210,1.0,1.0,0.969,1.0,1.0,0.7589951714951714
51aff9db-7b7a-4ede-8ac8-5f9bce181e26,MLP,20_newsgroups_xlm-roberta-large,0.05,0,39,838,210,1.0,1.0,0.9885,1.0,1.0,0.8419839218752262
8dab36ee-0329-4092-8b6f-e8a6bf5bc1da,IForest,20_newsgroups_xlm-roberta-large,,0,0,838,210,,0.7361124482526235,0.6895,0.0,0.0811568281689687,0.0767641300236007
e3e94b94-6460-4fb0-908c-465824629063,LOF,20_newsgroups_xlm-roberta-large,,0,0,838,210,,0.8111100413979011,0.7484999999999999,0.0,0.1234873316337698,0.0960174046643374
ac4b93fe-2dbf-4526-8846-a0c7a7370941,DeepSVDD,20_newsgroups_xlm-roberta-large,,0,0,838,210,,0.5629151824395879,0.653,0.0,0.0524744431428075,0.0816350127883038
5bfdb436-24c6-46a6-bb21-1dcd4357a543,OCSVM,20_newsgroups_xlm-roberta-large,,0,0,838,210,,0.5420557748467636,0.593,0.0,0.0567665496731246,0.0643950798206104
d0c1a8e6-9426-4aa0-9dc4-b03a5e5311d6,OneClassSVM,20_newsgroups_xlm-roberta-large,,0,0,838,210,,0.4579442251532364,0.407,0.0,0.041678054690376,0.0420251261922388
18b8eb54-3ec1-43df-a6c2-af2ddffbca76,AutoEncoder,20_newsgroups_xlm-roberta-large,,0,0,838,210,,0.7622669362343956,0.725,0.0,0.0938346849960479,0.0859832079313009
caced160-452b-487e-ba37-053363557ca3,VAE,20_newsgroups_xlm-roberta-large,,0,0,838,210,,0.7414075286415711,0.706,0.0,0.0816976876487051,0.0803139126791634
7052c7ec-1ada-43a3-ad5a-346832e66812,HBOS,20_newsgroups_xlm-roberta-large,,0,0,838,210,,0.735598985911877,0.6975,0.0,0.0795464226231385,0.0783387673095179
00fc5d82-c9c3-4b82-bb39-b91626a3ac25,DevNet,tweet_eval_distiluse-base-multilingual-cased-v1,0.05,0,1098,23081,5771,0.8152099564931239,0.8152099564931239,0.7666170438004498,0.2067007988409077,0.2067007988409077,0.141192050219523
a71e0fe7-fdd8-4a49-b393-b2613b807c36,DeepSAD,tweet_eval_distiluse-base-multilingual-cased-v1,0.05,0,1098,23081,5771,0.9999939927085568,0.9999939927085568,0.6474057165541882,0.9998812296842544,0.9998812296842544,0.1498788970572125
60d527f3-5dbe-4558-8c0e-be24dbd402f9,XGBOD,tweet_eval_distiluse-base-multilingual-cased-v1,0.05,0,1098,23081,5771,0.9160675739913944,0.9160675739913944,0.7491875082704776,0.5122461476811031,0.5122461476811031,0.1896064101092101
4041fe61-ede7-440a-9bb4-7582f47a4abe,MLP,tweet_eval_distiluse-base-multilingual-cased-v1,0.05,0,1098,23081,5771,0.9999601861580902,0.9999601861580902,0.7192252216488023,0.9981132136397104,0.9981132136397104,0.2156690098996843
f10e736b-9d3f-4741-99e7-a56ef24a738e,IForest,tweet_eval_distiluse-base-multilingual-cased-v1,,0,0,23081,5771,,0.4792627056492651,0.4652659785629218,0.0,0.0453429258555987,0.0456993201233846
6a88fe50-8d12-44f2-8e02-44985899e308,LOF,tweet_eval_distiluse-base-multilingual-cased-v1,,0,0,23081,5771,,0.496603891713973,0.5090796612412333,0.0,0.0458321305544414,0.0496328218654892
62a2d501-e311-4172-a82f-1b40f0082a32,DeepSVDD,tweet_eval_distiluse-base-multilingual-cased-v1,,0,0,23081,5771,,0.493579738342271,0.4915548498081249,0.0,0.0454781192865249,0.0459628662758106
dd9b7a8e-a7f8-43a6-a5df-57db640fad70,OCSVM,tweet_eval_distiluse-base-multilingual-cased-v1,,0,0,23081,5771,,0.4741500863351354,0.4749933836178377,0.0,0.043834913865889,0.0465291554876558
6aebfaa7-0cf4-4525-9bfb-a1c9174924e3,OneClassSVM,tweet_eval_distiluse-base-multilingual-cased-v1,,0,0,23081,5771,,0.5258499136648646,0.5250066163821623,0.0,0.0520043663296912,0.0552978440017515
1fcdaeee-37b7-415d-8b62-b3807bd6f03b,AutoEncoder,tweet_eval_distiluse-base-multilingual-cased-v1,,0,0,23081,5771,,0.4966497542769222,0.4845533942040492,0.0,0.0453710933832329,0.0454057490749934
f8b3774d-9f4e-447b-901a-cbec74ce5954,VAE,tweet_eval_distiluse-base-multilingual-cased-v1,,0,0,23081,5771,,0.4754651238616493,0.473501389440254,0.0,0.0434791386377893,0.0461137486765559
f0f1ad2f-219c-4706-a55d-d260d5264db8,HBOS,tweet_eval_distiluse-base-multilingual-cased-v1,,0,0,23081,5771,,0.464792590598448,0.4648326055312954,0.0,0.0424612064650956,0.0434224541977271
9ed5f15e-7802-4bf5-8e63-7b6fd0f32835,DevNet,tweet_eval_distiluse-base-multilingual-cased-v2,0.05,0,1098,23081,5771,0.8172407524376966,0.8172407524376966,0.764923249966918,0.2021080891034512,0.2021080891034512,0.1414035060848388
b3cbffed-60e7-4149-8ae3-fd4b519ff25a,DeepSAD,tweet_eval_distiluse-base-multilingual-cased-v2,0.05,0,1098,23081,5771,0.9999889382978252,0.9999889382978252,0.5940161439724758,0.999780743350249,0.999780743350249,0.1578662405454844
841fb1ad-e1e8-4e6d-9d45-d19df7da5e79,XGBOD,tweet_eval_distiluse-base-multilingual-cased-v2,0.05,0,1098,23081,5771,0.9176028305362972,0.9176028305362972,0.7545712584358873,0.5171026343729654,0.5171026343729654,0.2048877218401174
8efc7600-23ba-4773-916a-e69c720da964,MLP,tweet_eval_distiluse-base-multilingual-cased-v2,0.05,0,1098,23081,5771,0.9999565817832242,0.9999565817832242,0.7264635437342861,0.9972122150020472,0.9972122150020472,0.2109879530737091
6199a7de-35ec-437b-ad85-88b886b13338,IForest,tweet_eval_distiluse-base-multilingual-cased-v2,,0,0,23081,5771,,0.46236179190295,0.4486065899166336,0.0,0.0424982942849107,0.0413164324992496
b7f0eac9-6a89-4960-a4a1-f64ea5e7f521,LOF,tweet_eval_distiluse-base-multilingual-cased-v2,,0,0,23081,5771,,0.4953495071162374,0.5016272991928015,0.0,0.046136208883441,0.0479286023249649
9743ec0f-3f1a-4747-84ed-f358d42f04a3,DeepSVDD,tweet_eval_distiluse-base-multilingual-cased-v2,,0,0,23081,5771,,0.4821368424532717,0.4783578139473336,0.0,0.0446207513697529,0.0465784067568337
0a64b6aa-afd7-440a-8f33-6339fc610bbd,OCSVM,tweet_eval_distiluse-base-multilingual-cased-v2,,0,0,23081,5771,,0.4793466005814892,0.4567017334921265,0.0,0.0443464682169834,0.047027250514843
1c46e394-86ae-41b5-bdb3-e268a12f24ad,OneClassSVM,tweet_eval_distiluse-base-multilingual-cased-v2,,0,0,23081,5771,,0.5206533994185107,0.5432982665078735,0.0,0.0508578002619335,0.0579915606391745
4e1e3310-b362-4aed-bb25-5b935eb3faf3,AutoEncoder,tweet_eval_distiluse-base-multilingual-cased-v2,,0,0,23081,5771,,0.4959664352326566,0.4833253936747387,0.0,0.0457789766643776,0.0452447506736006
10ea31aa-a7d2-4bc2-a8d9-dcdf74c1ecbb,VAE,tweet_eval_distiluse-base-multilingual-cased-v2,,0,0,23081,5771,,0.4763976626416157,0.4579906047373296,0.0,0.0436285055616309,0.0462061173623985
a9ab52bc-6c68-445e-b96a-cb857e3485b8,HBOS,tweet_eval_distiluse-base-multilingual-cased-v2,,0,0,23081,5771,,0.4644243229181814,0.446792377927749,0.0,0.0423603983205635,0.0421200378529477
846a763a-331b-4d2f-b07e-cd5a2ee0758c,DevNet,tweet_eval_xlm-roberta-large,0.05,0,1098,23081,5771,0.7276865373781545,0.7276865373781545,0.7093555643773983,0.1349909038915151,0.1349909038915151,0.1255804177357893
04cd4956-6fd5-4363-91c8-a140a8d19241,DeepSAD,tweet_eval_xlm-roberta-large,0.05,0,1098,23081,5771,0.9303611161033776,0.9303611161033776,0.6842166203519916,0.4829575471883209,0.4829575471883209,0.1587237255425802
7f697471-6ad8-4097-bc39-e3d0702f4020,XGBOD,tweet_eval_xlm-roberta-large,0.05,0,1098,23081,5771,0.9304407437871972,0.9304407437871972,0.7264205372502316,0.5590151744268719,0.5590151744268719,0.1612600740395232
ace2946f-2aef-4e27-b4e4-7da38a477a10,MLP,tweet_eval_xlm-roberta-large,0.05,0,1098,23081,5771,1.0,1.0,0.6988877861585284,1.0,1.0,0.1461000566666586
b86f8732-85e3-4347-a372-ab84e5a7b142,IForest,tweet_eval_xlm-roberta-large,,0,0,23081,5771,,0.4568225306075642,0.4809964271536324,0.0,0.041767832730295,0.0477037350747975
0f57aabf-29e4-4cad-be7d-c58ab2f531a0,LOF,tweet_eval_xlm-roberta-large,,0,0,23081,5771,,0.5032068786055659,0.4918459706232632,0.0,0.0478674459572624,0.0525462610462792
914d2f94-5e3e-4bd4-9390-8e4ccae36975,DeepSVDD,tweet_eval_xlm-roberta-large,,0,0,23081,5771,,0.5010565168464752,0.4822790128357813,0.0,0.0483183485633639,0.0460591752746094
62266198-3769-4895-8b1c-75a3d96b34c6,OCSVM,tweet_eval_xlm-roberta-large,,0,0,23081,5771,,0.4768983600260079,0.5180428741564114,0.0,0.0440956572682514,0.0528970541858738
a86a7b50-7065-455d-83a5-31eb8ac958f4,OneClassSVM,tweet_eval_xlm-roberta-large,,0,0,23081,5771,,0.5231016399739921,0.4819571258435887,0.0,0.0510861755744175,0.0473889121292417
afe375eb-3d66-410d-8f49-40b22eac0984,AutoEncoder,tweet_eval_xlm-roberta-large,,0,0,23081,5771,,0.4758147482236439,0.4749642715363239,0.0,0.0439357500888425,0.0510222340619829
d899ce5d-1c59-49fe-9b26-10943f309430,VAE,tweet_eval_xlm-roberta-large,,0,0,23081,5771,,0.4609054794535303,0.4758376339817388,0.0,0.0421381905255851,0.0510575774151741
3a47f422-a326-443c-8f81-44cb18a1d89b,HBOS,tweet_eval_xlm-roberta-large,,0,0,23081,5771,,0.4541243452984493,0.4736760619293371,0.0,0.0414467822125956,0.0509273591077503
0911e288-69f8-4e77-b785-f1a03694fed9,DevNet,told-br_distiluse-base-multilingual-cased-v1,0.05,0,470,9865,2467,0.8308932999671622,0.8308932999671622,0.7238661574831788,0.2381200083919493,0.2381200083919493,0.1481781802171595
ad9b6b07-850e-4329-b67a-3c02947f8dad,DeepSAD,told-br_distiluse-base-multilingual-cased-v1,0.05,0,470,9865,2467,0.9999818826220376,0.9999818826220376,0.66966357519549,0.9996331447551636,0.9996331447551636,0.1479206549447099
a664fad1-39ea-42e7-ae97-691f6ddb9091,XGBOD,told-br_distiluse-base-multilingual-cased-v1,0.05,0,470,9865,2467,0.9806390905076264,0.9806390905076264,0.7054664484451717,0.8088888233019126,0.8088888233019126,0.1309296092531497
47aa68ff-3ac5-4f92-ad9e-5e54baf48f2c,MLP,told-br_distiluse-base-multilingual-cased-v1,0.05,0,470,9865,2467,0.9999997735327754,0.9999997735327754,0.695522822331333,0.9999954826760626,0.9999954826760626,0.1524824392634164
861e350b-c045-455c-a6ce-6458715137e6,IForest,told-br_distiluse-base-multilingual-cased-v1,,0,0,9865,2467,,0.4311512461359029,0.4306746681214767,0.0,0.040138599055664,0.0396583131264995
17583fbf-ac6f-40bf-8004-6cb6fcc05245,LOF,told-br_distiluse-base-multilingual-cased-v1,,0,0,9865,2467,,0.4710643959552953,0.4335733769776323,0.0,0.0447089544754586,0.0400400451814813
c5000c5e-342d-401a-81ba-dc764db687b0,DeepSVDD,told-br_distiluse-base-multilingual-cased-v1,,0,0,9865,2467,,0.4940978111942749,0.5131223858883434,0.0,0.0468876502074142,0.0528839472320891
55855e6b-3c36-4e18-a6ad-42a7466c4071,OCSVM,told-br_distiluse-base-multilingual-cased-v1,,0,0,9865,2467,,0.4244749923567312,0.4343589743589743,0.0,0.0384417601332714,0.0406221842347478
b8c2d29b-53fb-421c-9968-b5ed8798688c,OneClassSVM,told-br_distiluse-base-multilingual-cased-v1,,0,0,9865,2467,,0.5755250076432689,0.5656410256410256,0.0,0.0629542399390913,0.0793034063779395
f829ebaa-f672-4cc6-8cf9-78f4d0213948,AutoEncoder,told-br_distiluse-base-multilingual-cased-v1,,0,0,9865,2467,,0.4283816652135019,0.4208365157301327,0.0,0.0387407592651381,0.0417586843791399
c5fa658f-3f47-4e56-9702-d573ba0d7a8a,VAE,told-br_distiluse-base-multilingual-cased-v1,,0,0,9865,2467,,0.4210296332363298,0.4250009092562283,0.0,0.0381439597001565,0.0394454119907276
70c242a4-1818-4158-8024-3a61c1dd0e56,HBOS,told-br_distiluse-base-multilingual-cased-v1,,0,0,9865,2467,,0.4178911372051679,0.4248845244589925,0.0,0.0378781114640687,0.0392005157996703
5670da57-29ef-44a1-9517-4690e9954963,DevNet,told-br_distiluse-base-multilingual-cased-v2,0.05,0,470,9865,2467,0.7887944017302095,0.7887944017302095,0.6804291689398073,0.1863159737134653,0.1863159737134653,0.0989059308395464
5aa6078c-724c-4b0c-909e-8e6f8c958287,DeepSAD,told-br_distiluse-base-multilingual-cased-v2,0.05,0,470,9865,2467,0.999970106326362,0.999970106326362,0.6145008183306055,0.9993959536836198,0.9993959536836198,0.0883424247159458
2f5fe263-fe3f-44c5-9945-b3124fc051af,XGBOD,told-br_distiluse-base-multilingual-cased-v2,0.05,0,470,9865,2467,0.97330834644956,0.97330834644956,0.6709365339152572,0.764739221502991,0.764739221502991,0.1035156928856784
f67fb14f-ea94-410e-aa13-e499f9373d6c,MLP,told-br_distiluse-base-multilingual-cased-v2,0.05,0,470,9865,2467,0.9999659166827082,0.9999659166827082,0.7013566102927804,0.9992801919188332,0.9992801919188332,0.1155373775939929
18d0892c-3ab2-495e-b7fc-d489f61a742f,IForest,told-br_distiluse-base-multilingual-cased-v2,,0,0,9865,2467,,0.4102551153284341,0.3897072194944536,0.0,0.0369642641971398,0.0360589228991573
7e270290-6678-4a98-b614-2017048df1d6,LOF,told-br_distiluse-base-multilingual-cased-v2,,0,0,9865,2467,,0.4205191761122371,0.4191507546826696,0.0,0.0389477628481124,0.040136574613721
64bf1bf4-e5b5-4262-9536-ea767df4b223,DeepSVDD,told-br_distiluse-base-multilingual-cased-v2,,0,0,9865,2467,,0.5068840374576788,0.4546244771776686,0.0,0.0484882808511613,0.0410590124043493
982e942d-8fd7-4ad9-9488-daa00f054b1a,OCSVM,told-br_distiluse-base-multilingual-cased-v2,,0,0,9865,2467,,0.4172459320824794,0.3773267866884888,0.0,0.0376187494664275,0.0352673516270092
97404508-54bb-44c1-9746-cd0001a374c4,OneClassSVM,told-br_distiluse-base-multilingual-cased-v2,,0,0,9865,2467,,0.5827540679175207,0.6226732133115112,0.0,0.063087230782287,0.0791714195068316
c1de529f-0d7b-4612-b0f5-9b02f4354c48,AutoEncoder,told-br_distiluse-base-multilingual-cased-v2,,0,0,9865,2467,,0.4049005242716247,0.3761811238406983,0.0,0.0369819294898936,0.0355335704699246
f635c113-80f0-4fd6-a3e9-40d9c1e479a8,VAE,told-br_distiluse-base-multilingual-cased-v2,,0,0,9865,2467,,0.4022638796100234,0.3718567012184034,0.0,0.0366808940935696,0.034859483434699
75a644b3-7a36-4791-9d8c-3dcd959fc90f,HBOS,told-br_distiluse-base-multilingual-cased-v2,,0,0,9865,2467,,0.4049630292255953,0.3706819421713038,0.0,0.0367869354511848,0.0347324269472968
15b7c115-9be7-42b5-b315-f4c1421706c9,DevNet,told-br_xlm-roberta-large,0.05,0,470,9865,2467,0.7280404923397461,0.7280404923397461,0.7368576104746318,0.1233171710664604,0.1233171710664604,0.122793128132035
2a2cf804-8daf-477b-b2de-f3b7f26ca31d,DeepSAD,told-br_xlm-roberta-large,0.05,0,470,9865,2467,0.9992920634561164,0.9992920634561164,0.6725586470267321,0.9844976173708486,0.9844976173708486,0.1186016969301112
9a0221a8-7adf-468f-bdac-15a71bd360ac,XGBOD,told-br_xlm-roberta-large,0.05,0,470,9865,2467,0.9825276006929896,0.9825276006929896,0.7594980905619204,0.8243421937854777,0.8243421937854777,0.1657344502344002
c4ef4d08-55eb-4c13-a517-e32bf33e68bc,MLP,told-br_xlm-roberta-large,0.05,0,470,9865,2467,0.999999547065551,0.999999547065551,0.7113875250045462,0.999990955740798,0.999990955740798,0.156289489249856
019cda97-615d-4b04-bf5c-e658e6cb55cd,IForest,told-br_xlm-roberta-large,,0,0,9865,2467,,0.4972968872079988,0.5498054191671213,0.0,0.0466170141826665,0.0549400125944425
4e83cb73-f497-4dd1-8794-a1254ea64707,LOF,told-br_xlm-roberta-large,,0,0,9865,2467,,0.4979944062595541,0.5211529368976178,0.0,0.0476158496190886,0.0482348323029215
2ca7c01e-21a4-4ff8-a01b-5e27b9c915fd,DeepSVDD,told-br_xlm-roberta-large,,0,0,9865,2467,,0.4944687645080566,0.4554864520821967,0.0,0.0478395329577137,0.0439861525817982
2e9e0151-e4a8-4519-a953-993ba8c71cae,OCSVM,told-br_xlm-roberta-large,,0,0,9865,2467,,0.5073187412951661,0.5283615202764139,0.0,0.0478338637539603,0.0545736336510253
c9bd3090-018f-4c29-901f-34750956deb4,OneClassSVM,told-br_xlm-roberta-large,,0,0,9865,2467,,0.492681258704834,0.4716384797235861,0.0,0.0468103334721542,0.0464787126240259
ce5a8c5e-6ef4-4170-8d8c-f7e875094128,AutoEncoder,told-br_xlm-roberta-large,,0,0,9865,2467,,0.515120763647481,0.5607055828332423,0.0,0.0483808867545948,0.0564140188106219
86211e38-a0a6-468d-ac0f-e0473f2f6486,VAE,told-br_xlm-roberta-large,,0,0,9865,2467,,0.5111270141428781,0.5395708310601928,0.0,0.0478221756983637,0.0545887896405715
fbfd46b1-faa0-49a3-89bf-6a31ac753e25,HBOS,told-br_xlm-roberta-large,,0,0,9865,2467,,0.5050615424682663,0.539654482633206,0.0,0.0474502945211252,0.0542622051066328
a427f74e-b5ad-42f1-b0ff-418312842c43,DevNet,told-br_bert-base-portuguese-cased,0.05,0,470,9865,2467,0.8212990159999094,0.8212990159999094,0.7680305510092743,0.2390585544635933,0.2390585544635933,0.2017939452078955
16675333-f48c-4f51-a661-d71c5ab59c08,DeepSAD,told-br_bert-base-portuguese-cased,0.05,0,470,9865,2467,0.989401560359177,0.989401560359177,0.6900127295871976,0.8450858739298989,0.8450858739298989,0.128106267837071
8c6bd192-d950-4ea1-b973-ebd085aade35,XGBOD,told-br_bert-base-portuguese-cased,0.05,0,470,9865,2467,0.9680076545921892,0.9680076545921892,0.7716166575741045,0.7154181842376457,0.7154181842376457,0.2132259104770784
8f0e0770-6e1a-41b0-a54a-8bb998e72a02,MLP,told-br_bert-base-portuguese-cased,0.05,0,470,9865,2467,0.9999977353277548,0.9999977353277548,0.7235897435897437,0.9999554961625008,0.9999554961625008,0.1486270026533256
3f1cac79-da4c-49bb-bdf6-1c0b94b7be31,IForest,told-br_bert-base-portuguese-cased,,0,0,9865,2467,,0.4827486327041319,0.4571485724677214,0.0,0.0436364269956303,0.0406978242143879
943d0970-c77b-4552-957e-fbd8a78eceb9,LOF,told-br_bert-base-portuguese-cased,,0,0,9865,2467,,0.4354978315763251,0.4230696490270958,0.0,0.0396648751545772,0.0386765718218314
2155e171-aeb2-48e8-bbd8-822f7655895b,DeepSVDD,told-br_bert-base-portuguese-cased,,0,0,9865,2467,,0.4839201476566304,0.4521694853609747,0.0,0.0465188062504439,0.0429671670928619
7e73522a-bb52-4607-bc37-049d7276defc,OCSVM,told-br_bert-base-portuguese-cased,,0,0,9865,2467,,0.5087554493675903,0.4763775231860337,0.0,0.0463221333092244,0.044320576118711
dc899134-38c3-4572-8dd4-70b07a073ff0,OneClassSVM,told-br_bert-base-portuguese-cased,,0,0,9865,2467,,0.4912445506324097,0.5236224768139661,0.0,0.0447792520060294,0.0487043000022793
a88b2018-2b6d-4376-b39d-8b5a7cc986c3,AutoEncoder,told-br_bert-base-portuguese-cased,,0,0,9865,2467,,0.4452628718308742,0.431678486997636,0.0,0.0401273131972754,0.040592759147387
8a2c69b0-f79b-41fb-b88f-ed3bef790920,VAE,told-br_bert-base-portuguese-cased,,0,0,9865,2467,,0.4652852920861029,0.4363193307874159,0.0,0.0417743770820969,0.0398500822367304
4487b1ee-0e03-448f-9beb-c9f9edcb05a0,HBOS,told-br_bert-base-portuguese-cased,,0,0,9865,2467,,0.47048882950415,0.4463575195490089,0.0,0.0421743586628484,0.0404659856077755
434ae07e-6e68-4dc5-ae98-e26a579d5448,DevNet,told-br_bert-large-portuguese-cased,0.05,0,470,9865,2467,0.8081779579450366,0.8081779579450366,0.7561774868157846,0.2395562803723365,0.2395562803723365,0.2516121337107629
d79b36ae-dde7-47f9-8d4b-49accb6fd034,DeepSAD,told-br_bert-large-portuguese-cased,0.05,0,470,9865,2467,0.9950689026530636,0.9950689026530636,0.688456082924168,0.948071122360218,0.948071122360218,0.1785422564129568
32ab6d98-fa70-4d5d-bc27-fd59f90516f8,XGBOD,told-br_bert-large-portuguese-cased,0.05,0,470,9865,2467,0.9723422372697113,0.9723422372697113,0.7867830514639026,0.7318096736405493,0.7318096736405493,0.2177949851293142
0c879076-a80c-4f43-82c5-878db6a79d19,MLP,told-br_bert-large-portuguese-cased,0.05,0,470,9865,2467,0.999997395626918,0.999997395626918,0.7525695581014731,0.9999452757804208,0.9999452757804208,0.1561024661790576
12cf864c-99ba-47cd-90b3-9dfa49ae9947,IForest,told-br_bert-large-portuguese-cased,,0,0,9865,2467,,0.508207172217001,0.4702273140571013,0.0,0.0492130720022803,0.0442408032909968
690c7d3d-254c-456f-9ceb-3452c1e43bb8,LOF,told-br_bert-large-portuguese-cased,,0,0,9865,2467,,0.4481460260663776,0.4241934897254046,0.0,0.0405146041188303,0.0390566675603066
142d234d-fee4-4b75-8633-923de623d6ba,DeepSVDD,told-br_bert-large-portuguese-cased,,0,0,9865,2467,,0.5750015286537656,0.5917039461720313,0.0,0.0603283732071801,0.0620546332014741
de60d0ce-dcda-4c13-ba5e-bd525dc5417e,OCSVM,told-br_bert-large-portuguese-cased,,0,0,9865,2467,,0.4795742416178818,0.4498236042916893,0.0,0.0456848428485636,0.0426559809084951
0cc027ff-ab89-4b82-ba77-2f47005df236,OneClassSVM,told-br_bert-large-portuguese-cased,,0,0,9865,2467,,0.5204257583821181,0.5501763957083106,0.0,0.0506393821513302,0.0643305634131973
0f48cd91-b2e7-4a82-b548-460b9002b131,AutoEncoder,told-br_bert-large-portuguese-cased,,0,0,9865,2467,,0.4418253258297193,0.3978977995999272,0.0,0.0413714659769415,0.0366305146403071
2956a70a-0650-4414-8d02-e061333d81c7,VAE,told-br_bert-large-portuguese-cased,,0,0,9865,2467,,0.4650585983943474,0.4159301691216585,0.0,0.043268848930399,0.0385298832695115
b5ae9984-219b-46c0-baa9-8a4680192429,HBOS,told-br_bert-large-portuguese-cased,,0,0,9865,2467,,0.476145754305708,0.4335442807783233,0.0,0.0443427634872742,0.0408054835484067
a3c92904-f1a5-4dd9-9da1-258680bc46e8,DevNet,told-br_serafim-100m-portuguese-pt-sentence-encoder-ir,0.05,0,470,9865,2467,0.8345210784369232,0.8345210784369232,0.774660847426805,0.2385028187120326,0.2385028187120326,0.1587954625002831
3173254c-69d1-4596-9569-2dc1cd61551e,DeepSAD,told-br_serafim-100m-portuguese-pt-sentence-encoder-ir,0.05,0,470,9865,2467,0.999611835177154,0.999611835177154,0.6590725586470267,0.9918559434579142,0.9918559434579142,0.1612995834076628
a5148159-5d63-449a-a015-ad5cf1286d96,XGBOD,told-br_serafim-100m-portuguese-pt-sentence-encoder-ir,0.05,0,470,9865,2467,0.9795400450669776,0.9795400450669776,0.775177304964539,0.7768396981761979,0.7768396981761979,0.1920203154485478
e91ca72e-7626-4bb3-830b-5b02444d0641,MLP,told-br_serafim-100m-portuguese-pt-sentence-encoder-ir,0.05,0,470,9865,2467,0.9999996602991632,0.9999996602991632,0.7493689761774868,0.9999909844933286,0.9999909844933286,0.1958775110553181
fba711f1-cf2f-4993-a5d8-79ed23be1440,IForest,told-br_serafim-100m-portuguese-pt-sentence-encoder-ir,,0,0,9865,2467,,0.4601748326973379,0.428532460447354,0.0,0.041513473183741,0.0392535102203145
5383869a-ecda-4aae-bb35-5da8341e491f,LOF,told-br_serafim-100m-portuguese-pt-sentence-encoder-ir,,0,0,9865,2467,,0.4802453772377792,0.4736424804509911,0.0,0.044669890837001,0.0431513141503473
3d071f17-5428-4560-bebc-b29c61efaa39,DeepSVDD,told-br_serafim-100m-portuguese-pt-sentence-encoder-ir,,0,0,9865,2467,,0.5192277467643496,0.4524786324786325,0.0,0.0505679138406258,0.0422137125677274
5d794c49-63b0-47dc-b98a-2592abaeb19e,OCSVM,told-br_serafim-100m-portuguese-pt-sentence-encoder-ir,,0,0,9865,2467,,0.4713208700870767,0.4941589379887253,0.0,0.042726808018789,0.0464611326220927
09ca0f2b-0fc9-4e4a-8497-ee92fb273a5d,OneClassSVM,told-br_serafim-100m-portuguese-pt-sentence-encoder-ir,,0,0,9865,2467,,0.5286791299129233,0.5058410620112748,0.0,0.0518148505437539,0.048447253541716
a79f8447-c2e2-4299-8ab1-04f9d1a6f1d5,AutoEncoder,told-br_serafim-100m-portuguese-pt-sentence-encoder-ir,,0,0,9865,2467,,0.4714342169329543,0.4259283506092017,0.0,0.0421447221497771,0.0390765093324625
10cebe24-3831-4d5c-8a18-f1c10b9e0a58,VAE,told-br_serafim-100m-portuguese-pt-sentence-encoder-ir,,0,0,9865,2467,,0.467389512302832,0.4650227314057101,0.0,0.0421383217368378,0.0433735014223193
8d25c387-1b21-4fb3-9669-3b19ba3c1831,HBOS,told-br_serafim-100m-portuguese-pt-sentence-encoder-ir,,0,0,9865,2467,,0.4623856057432088,0.4798254228041462,0.0,0.0416772471649962,0.0454233785984807
06957c19-47cb-48ba-bb71-2dbcc6ae5cca,DevNet,wikinews_distiluse-base-multilingual-cased-v1,0.05,0,233,4896,1224,0.9671268381625416,0.9671268381625416,0.9486159578872656,0.6229819499218575,0.6229819499218575,0.5156811888602797
ca5482bd-0543-4ec6-8018-f44e864b609e,DeepSAD,wikinews_distiluse-base-multilingual-cased-v1,0.05,0,233,4896,1224,1.0,1.0,0.8705861477494529,1.0,1.0,0.5105367527756572
fe6cf1dc-f14e-48c6-a477-13f436187034,XGBOD,wikinews_distiluse-base-multilingual-cased-v1,0.05,0,233,4896,1224,0.9991964870006692,0.9991964870006692,0.9396995327379192,0.9878302316030776,0.9878302316030776,0.5706911775599933
8f1095d1-49a5-4a44-a58c-065394d8475d,MLP,wikinews_distiluse-base-multilingual-cased-v1,0.05,0,233,4896,1224,1.0,1.0,0.9323800792571124,1.0,1.0,0.570808013209699
1f1038d4-4f9f-4e6f-a6e0-3435b91a111c,IForest,wikinews_distiluse-base-multilingual-cased-v1,,0,0,4896,1224,,0.6798566746343002,0.7217424735316733,0.0,0.0939338327707235,0.1002311997089378
68877f52-6642-49f4-b718-731356aa33de,LOF,wikinews_distiluse-base-multilingual-cased-v1,,0,0,4896,1224,,0.7054811919972682,0.6717040279174306,0.0,0.1228172919351472,0.1171194130098183
40931e59-47f2-4dbc-a1a2-535294ee9868,DeepSVDD,wikinews_distiluse-base-multilingual-cased-v1,,0,0,4896,1224,,0.4798251968054606,0.6260868279410895,0.0,0.043844350593855,0.0866101358677575
67db0a59-87ed-4acc-bd33-e5e2bb1f0760,OCSVM,wikinews_distiluse-base-multilingual-cased-v1,,0,0,4896,1224,,0.6369124483768209,0.6445111492281304,0.0,0.0850991646340187,0.0805316227082709
f4c681e9-1b2a-415a-9178-57ed7b20df0f,OneClassSVM,wikinews_distiluse-base-multilingual-cased-v1,,0,0,4896,1224,,0.3630875516231791,0.3554888507718696,0.0,0.0347159444948257,0.0350245263852464
03b30a71-ebca-4b49-bf68-63f42394904e,AutoEncoder,wikinews_distiluse-base-multilingual-cased-v1,,0,0,4896,1224,,0.74432961888817,0.7285443898976754,0.0,0.1500517041202113,0.1470428247718168
6c5b8464-6317-44b0-a7d5-b820dbe42aa9,VAE,wikinews_distiluse-base-multilingual-cased-v1,,0,0,4896,1224,,0.7606511492628941,0.7676849825516059,0.0,0.1372719112328567,0.1388149456554794
2caa16e0-b6a4-4aa1-a7f2-8839856a6a30,HBOS,wikinews_distiluse-base-multilingual-cased-v1,,0,0,4896,1224,,0.7377970489995666,0.7610900810315253,0.0,0.1235181277951442,0.1351779390042669
002a0196-de07-41b1-9def-70e02d96f7e5,DevNet,wikinews_distiluse-base-multilingual-cased-v2,0.05,0,233,4896,1224,0.9646371443902736,0.9646371443902736,0.949177855326196,0.5779541191725063,0.5779541191725063,0.4786152770998385
4b308559-5433-4f9b-a165-88d1abfca8db,DeepSAD,wikinews_distiluse-base-multilingual-cased-v2,0.05,0,233,4896,1224,1.0,1.0,0.849692435086059,1.0,1.0,0.4907511543468987
5a33204d-7c96-44f6-997e-30ea660e0779,XGBOD,wikinews_distiluse-base-multilingual-cased-v2,0.05,0,233,4896,1224,0.9994293493017352,0.9994293493017352,0.9433962264150944,0.9904846386160376,0.9904846386160376,0.5552006497332932
7920dd2e-5d6d-4a1e-9740-63aff494988f,MLP,wikinews_distiluse-base-multilingual-cased-v2,0.05,0,233,4896,1224,1.0,1.0,0.9290530549476548,1.0,1.0,0.5168652474125285
3bb36b58-62f1-42b9-9ded-a3abb960e934,IForest,wikinews_distiluse-base-multilingual-cased-v2,,0,0,4896,1224,,0.6562298949174352,0.6972999349381912,0.0,0.0895099793424394,0.098774198419146
43ced3d6-c0e1-49da-8453-237b39065be3,LOF,wikinews_distiluse-base-multilingual-cased-v2,,0,0,4896,1224,,0.6778087749510114,0.675637309989945,0.0,0.1250218956013365,0.111046350995186
293149f7-d932-4d61-a7a7-f906fe48b499,DeepSVDD,wikinews_distiluse-base-multilingual-cased-v2,,0,0,4896,1224,,0.5258886734120034,0.6100875377062754,0.0,0.0532418374342696,0.0975320876246143
64eb7d82-7047-4458-8510-122f2fafc2e2,OCSVM,wikinews_distiluse-base-multilingual-cased-v2,,0,0,4896,1224,,0.6197496684243322,0.6655675164133199,0.0,0.0915222001943477,0.0850724390185821
d03da7b1-69cc-43a4-9de2-a83bf51b0d6d,OneClassSVM,wikinews_distiluse-base-multilingual-cased-v2,,0,0,4896,1224,,0.3802503315756678,0.3344324835866801,0.0,0.0369148150663717,0.0331849822934983
6c43009f-4020-4569-a879-c6238700d98b,AutoEncoder,wikinews_distiluse-base-multilingual-cased-v2,,0,0,4896,1224,,0.7476849529535314,0.7570680783107587,0.0,0.1601574341598307,0.158121303150914
c56ecb4e-68e1-4b4e-a56b-321834b237af,VAE,wikinews_distiluse-base-multilingual-cased-v2,,0,0,4896,1224,,0.7273753105214182,0.7595078961376944,0.0,0.1247925932078055,0.128471155761604
cb3dd2aa-7d6f-4c50-8d51-cd6aecb46d35,HBOS,wikinews_distiluse-base-multilingual-cased-v2,,0,0,4896,1224,,0.6993075798059603,0.7426213994203584,0.0,0.1037070034228747,0.1123895127626612
35919e7d-a3c1-4521-92e0-5d9be9fab723,DevNet,wikinews_xlm-roberta-large,0.05,0,233,4896,1224,0.946279679588837,0.946279679588837,0.9450079848583426,0.5764260284708813,0.5764260284708813,0.5617724096378608
cb5a9e2c-e72c-4d7e-a2cb-39e8a0ea7cc6,DeepSAD,wikinews_xlm-roberta-large,0.05,0,233,4896,1224,0.9849357419701624,0.9849357419701624,0.9646596084462056,0.7815702516156955,0.7815702516156955,0.5595080109554641
370b8e8a-3303-4bd9-a2aa-31e61f3476f6,XGBOD,wikinews_xlm-roberta-large,0.05,0,233,4896,1224,0.9998564169210816,0.9998564169210816,0.9404536582480628,0.9973589593467612,0.9973589593467612,0.5425062607158551
be2fe38b-3994-41d2-b0a1-6201d6ea4a35,MLP,wikinews_xlm-roberta-large,0.05,0,233,4896,1224,0.9938526193327252,0.9938526193327252,0.9648666232921276,0.9593631011973216,0.9593631011973216,0.6205943076090977
d9ccc00c-2eec-400c-8441-1ea17ca29eb3,IForest,wikinews_xlm-roberta-large,,0,0,4896,1224,,0.6181205527212215,0.6428254569113385,0.0,0.06393851632208,0.0684925686443401
96f42d4d-7580-455e-83b0-aa1824a3b5df,LOF,wikinews_xlm-roberta-large,,0,0,4896,1224,,0.7083519331712808,0.7027045010942214,0.0,0.0971011903001183,0.1062587580245277
22a84948-35ef-4cf6-91b1-3574c5b99548,DeepSVDD,wikinews_xlm-roberta-large,,0,0,4896,1224,,0.6013885220054874,0.6585437984266871,0.0,0.069230180618451,0.113483484449069
22b3866c-1614-49ad-8a03-e8c683b63ed2,OCSVM,wikinews_xlm-roberta-large,,0,0,4896,1224,,0.5695821088120433,0.5734163364286982,0.0,0.0548325925024252,0.0585812349602396
e221e548-72b9-4bf3-acec-9fd740c20ec2,OneClassSVM,wikinews_xlm-roberta-large,,0,0,4896,1224,,0.4304178911879566,0.4265836635713018,0.0,0.0386009655523204,0.0388559650216462
cc09c411-9a1d-441d-972f-9ec9d4b615c2,AutoEncoder,wikinews_xlm-roberta-large,,0,0,4896,1224,,0.7352005883224618,0.7502070148459219,0.0,0.104508097861614,0.1114751915172068
cd602472-87f4-4b22-8161-1278756294bf,VAE,wikinews_xlm-roberta-large,,0,0,4896,1224,,0.6885195203957002,0.7256166085053528,0.0,0.081559203904723,0.0944929339720326
47564ece-21a9-44a8-a052-6ed3ff6b235a,HBOS,wikinews_xlm-roberta-large,,0,0,4896,1224,,0.6532036054079278,0.6914591589282546,0.0,0.0697473269919526,0.0806485445868807
55763442-be70-4425-be6d-65039e82bb37,DevNet,wikinews_bert-base-portuguese-cased,0.05,0,233,4896,1224,0.9585799633494988,0.9585799633494988,0.9598686934405868,0.5439713177876411,0.5439713177876411,0.5016875686295235
6fbe6e8f-7cf5-4064-ad2a-82ace01049fa,DeepSAD,wikinews_bert-base-portuguese-cased,0.05,0,233,4896,1224,1.0,1.0,0.903560655349855,1.0,1.0,0.6700869828533746
c7cd1e79-0cfc-4731-80a4-844653e5a9a5,XGBOD,wikinews_bert-base-portuguese-cased,0.05,0,233,4896,1224,0.9993805678710772,0.9993805678710772,0.9396847459632106,0.98844090696751,0.98844090696751,0.613150393304347
e580e5ba-3ce7-46fd-9578-cdefcf21e668,MLP,wikinews_bert-base-portuguese-cased,0.05,0,233,4896,1224,1.0,1.0,0.9395368782161236,1.0,1.0,0.6314165519426659
047762e7-e1fd-4ce2-9134-92efc78f2355,IForest,wikinews_bert-base-portuguese-cased,,0,0,4896,1224,,0.7719201199470952,0.7949665818891584,0.0,0.1361797148141791,0.1359462511930626
7c307c95-022e-4237-8e3e-4accefb05f5a,LOF,wikinews_bert-base-portuguese-cased,,0,0,4896,1224,,0.6876534199004307,0.7260749985213226,0.0,0.1125764116912655,0.1400628077121807
40f48aa6-03e3-4e1b-bb9f-f0322ca6340d,DeepSVDD,wikinews_bert-base-portuguese-cased,,0,0,4896,1224,,0.6342092207948795,0.6203199858046963,0.0,0.1141373775613142,0.0736408287757887
d29e0337-bcb3-4e8e-a433-660b64a290c4,OCSVM,wikinews_bert-base-portuguese-cased,,0,0,4896,1224,,0.6808553133562637,0.6937215354586859,0.0,0.1017199656197827,0.1110287601938383
e637ce06-3375-4caf-bc5b-97ee3dba3cd5,OneClassSVM,wikinews_bert-base-portuguese-cased,,0,0,4896,1224,,0.3191446866437363,0.3062784645413142,0.0,0.0321468849798022,0.0317646164280533
4980087c-294d-41ea-9b48-b174c004505e,AutoEncoder,wikinews_bert-base-portuguese-cased,,0,0,4896,1224,,0.8254848920227634,0.841692789968652,0.0,0.1990241320796482,0.2288213281047749
95182aad-fbd7-4fc9-a409-e6fd7c99fb19,VAE,wikinews_bert-base-portuguese-cased,,0,0,4896,1224,,0.7898113999442236,0.8152392500147868,0.0,0.1447916537796317,0.1534383191824239
eb47766a-ace4-4f75-a4c3-caa60bbfe228,HBOS,wikinews_bert-base-portuguese-cased,,0,0,4896,1224,,0.768368279552573,0.7910037262672266,0.0,0.1252409738550088,0.1317742803806935
ee05f77e-23a3-4879-bdb4-1659be1278fe,DevNet,wikinews_bert-large-portuguese-cased,0.05,0,233,4896,1224,0.9439777483043852,0.9439777483043852,0.9315520198734252,0.5589026560160116,0.5589026560160116,0.4801899796194592
0b68b0c9-9efa-4019-aa08-8a5bf33e7434,DeepSAD,wikinews_bert-large-portuguese-cased,0.05,0,233,4896,1224,0.9999852735303674,0.9999852735303674,0.9088099603714438,0.9997011285849444,0.9997011285849444,0.5690148999208905
dd084328-75f7-413a-8ee7-5fc8ab4fd9b0,XGBOD,wikinews_bert-large-portuguese-cased,0.05,0,233,4896,1224,0.9994551206235924,0.9994551206235924,0.9176228780978292,0.9920155514809158,0.9920155514809158,0.4442649585421217
81bc9039-d383-4646-8ae0-0976d1ea8b4f,MLP,wikinews_bert-large-portuguese-cased,0.05,0,233,4896,1224,1.0,1.0,0.9313302182527948,1.0,1.0,0.569685451788845
f94f3b29-4201-4ae6-8482-5ec22d93547f,IForest,wikinews_bert-large-portuguese-cased,,0,0,4896,1224,,0.6725422212486389,0.691533092801798,0.0,0.0889425619937385,0.1003937256064662
8a28cdab-9a0e-4294-9c98-db2c5f871e91,LOF,wikinews_bert-large-portuguese-cased,,0,0,4896,1224,,0.7077163939661971,0.7164192346365411,0.0,0.1015277248561406,0.1594135432580024
c1b358a7-6843-4d38-82e2-2e500ed54749,DeepSVDD,wikinews_bert-large-portuguese-cased,,0,0,4896,1224,,0.5642032657787219,0.6385520790205241,0.0,0.0579761875677006,0.1029925321557795
2161a6f2-f6fa-4945-a3ec-2aefe4fd258c,OCSVM,wikinews_bert-large-portuguese-cased,,0,0,4896,1224,,0.6686949310571121,0.6915035192523807,0.0,0.0907122404276045,0.0993688926669184
a19ed57f-765d-41dd-a965-96678eae2450,OneClassSVM,wikinews_bert-large-portuguese-cased,,0,0,4896,1224,,0.331305068942888,0.3084964807476193,0.0,0.0326685166195612,0.0332209541214599
65e5f9a7-8c8e-4dd7-bf12-69838b090b26,AutoEncoder,wikinews_bert-large-portuguese-cased,,0,0,4896,1224,,0.7337675187463356,0.7612379487786125,0.0,0.1203415622527213,0.1267933927945578
fe523d75-89ab-4d3b-85f7-ff874f3e0ef1,VAE,wikinews_bert-large-portuguese-cased,,0,0,4896,1224,,0.7094173012087671,0.7208256934997338,0.0,0.1004579458975407,0.1057813550819594
c0d9389c-5264-4600-bc99-3801685c55f4,HBOS,wikinews_bert-large-portuguese-cased,,0,0,4896,1224,,0.6818484296521148,0.7040427042053587,0.0,0.0871866539735845,0.0999675588225424
c76108b4-be3c-4bc5-88bf-afd51f287e02,DevNet,wikinews_serafim-100m-portuguese-pt-sentence-encoder-ir,0.05,0,233,4896,1224,0.9662993946500577,0.9662993946500577,0.9549003371384632,0.5710445257774958,0.5710445257774958,0.516558801864077
fa3bbcec-2769-435a-bc9f-bbb26547924f,DeepSAD,wikinews_serafim-100m-portuguese-pt-sentence-encoder-ir,0.05,0,233,4896,1224,1.0,1.0,0.8427204708109067,1.0,1.0,0.6055565474505048
8010b205-051b-499a-bee6-8c2744ea2034,XGBOD,wikinews_serafim-100m-portuguese-pt-sentence-encoder-ir,0.05,0,233,4896,1224,0.9997772621468064,0.9997772621468064,0.9430857041462116,0.9962617858839056,0.9962617858839056,0.5692377806060075
ad1954a9-c42b-43f7-bbdc-ebb3db2a898d,MLP,wikinews_serafim-100m-portuguese-pt-sentence-encoder-ir,0.05,0,233,4896,1224,1.0,1.0,0.9583900159697166,1.0,1.0,0.7190252673998954
8ff439ca-1d7e-4fd4-abdf-24f4a9c63706,IForest,wikinews_serafim-100m-portuguese-pt-sentence-encoder-ir,,0,0,4896,1224,,0.7438735585317342,0.7934139705447448,0.0,0.158698449711887,0.2274012236638778
6f85edab-e33a-4326-b27b-e386ed665d5e,LOF,wikinews_serafim-100m-portuguese-pt-sentence-encoder-ir,,0,0,4896,1224,,0.7486200837752042,0.7196131779736203,0.0,0.1774591833120239,0.2540409031611525
02ec897b-ca85-4159-b9ac-f567260ee5f6,DeepSVDD,wikinews_serafim-100m-portuguese-pt-sentence-encoder-ir,,0,0,4896,1224,,0.4745245881420626,0.625865026320459,0.0,0.0454614030152467,0.1003943071091311
c85aeae6-bba2-44f8-8dca-01b5f27deacb,OCSVM,wikinews_serafim-100m-portuguese-pt-sentence-encoder-ir,,0,0,4896,1224,,0.7006660966295714,0.7275241024427751,0.0,0.1187658287265499,0.2199124413435663
2922f276-6635-4c20-98b2-3340ac51dc2c,OneClassSVM,wikinews_serafim-100m-portuguese-pt-sentence-encoder-ir,,0,0,4896,1224,,0.2993339033704287,0.2724758975572248,0.0,0.0311139403226568,0.0306612293447358
0ea97b52-0f25-4542-9070-f850240a6c4e,AutoEncoder,wikinews_serafim-100m-portuguese-pt-sentence-encoder-ir,,0,0,4896,1224,,0.8308324413081153,0.8373159046548766,0.0,0.2496773144440145,0.3477808930314494
15463426-3548-471e-80ef-9057d1aa8112,VAE,wikinews_serafim-100m-portuguese-pt-sentence-encoder-ir,,0,0,4896,1224,,0.8010076586846133,0.8243183296859288,0.0,0.2126579090544601,0.355180850911561
58e0e9da-aaf6-4f26-be4e-47d2787e9ade,HBOS,wikinews_serafim-100m-portuguese-pt-sentence-encoder-ir,,0,0,4896,1224,,0.7742284940620113,0.8108327911515941,0.0,0.1588720335498549,0.2819896533132379
de36ddef-190d-4110-bdca-fcb9e5a39b4d,DevNet,portuguese-tweets-for-sentiment-analysis_distiluse-base-multilingual-cased-v1,0.05,0,1596,33524,8382,0.9806915281344176,0.9806915281344176,0.962086727529082,0.7749798986392225,0.7749798986392225,0.6475813879905269
40f9de7d-7d56-4015-b4e2-6ac93b6142ed,DeepSAD,portuguese-tweets-for-sentiment-analysis_distiluse-base-multilingual-cased-v1,0.05,0,1596,33524,8382,0.9985842793842536,0.9985842793842536,0.935854605824344,0.9742248579109006,0.9742248579109006,0.7643671889934038
df606b35-12d2-43aa-a95a-87cf760a896a,XGBOD,portuguese-tweets-for-sentiment-analysis_distiluse-base-multilingual-cased-v1,0.05,0,1596,33524,8382,0.9780919584729804,0.9780919584729804,0.9394788486938254,0.7895981112973225,0.7895981112973225,0.5995606681464515
2f071de3-5b16-4ace-bdbd-fcd7c6c396d0,MLP,portuguese-tweets-for-sentiment-analysis_distiluse-base-multilingual-cased-v1,0.05,0,1596,33524,8382,1.0,1.0,0.9831893713991856,1.0,1.0,0.8620761039151286
ef40787e-26ce-4056-abe2-e40377ae870a,IForest,portuguese-tweets-for-sentiment-analysis_distiluse-base-multilingual-cased-v1,,0,0,33524,8382,,0.6107825470717636,0.6345925568022525,0.0,0.0708403098401517,0.0760893726449844
71acf512-1cf5-4a9d-9822-c84b4e19164e,LOF,portuguese-tweets-for-sentiment-analysis_distiluse-base-multilingual-cased-v1,,0,0,33524,8382,,0.6419813961896723,0.6238224899590827,0.0,0.0710883135940503,0.0659257731304517
13fe87bf-f994-404b-aa05-e184c9d0f395,DeepSVDD,portuguese-tweets-for-sentiment-analysis_distiluse-base-multilingual-cased-v1,,0,0,33524,8382,,0.4849420163098802,0.5350837949188391,0.0,0.0455898291941349,0.0667352728542152
fb12cc9c-276c-4340-b402-25d6f7a24f86,OCSVM,portuguese-tweets-for-sentiment-analysis_distiluse-base-multilingual-cased-v1,,0,0,33524,8382,,0.6604418996627123,0.6736175274714407,0.0,0.090157830742841,0.1051722828453839
8a5059f8-7274-4046-9539-780ea1e5d6cd,OneClassSVM,portuguese-tweets-for-sentiment-analysis_distiluse-base-multilingual-cased-v1,,0,0,33524,8382,,0.3395581003372877,0.3263824725285592,0.0,0.0325742692252248,0.0320846962095686
0162100c-2c4a-4d32-8dfd-a220247bae02,AutoEncoder,portuguese-tweets-for-sentiment-analysis_distiluse-base-multilingual-cased-v1,,0,0,33524,8382,,0.6284400611746104,0.6380855684243805,0.0,0.0791109279064055,0.0869434667262367
7b88be46-52b9-4188-ad22-1b6c000a4441,VAE,portuguese-tweets-for-sentiment-analysis_distiluse-base-multilingual-cased-v1,,0,0,33524,8382,,0.6274689892012667,0.6397127731014872,0.0,0.080094489538389,0.0880547800185785
72607949-aaa9-4a3f-9bb0-828b55fb74ad,HBOS,portuguese-tweets-for-sentiment-analysis_distiluse-base-multilingual-cased-v1,,0,0,33524,8382,,0.6232079627470078,0.6366985357669508,0.0,0.0813856335885215,0.0885069399596617
b6459463-065b-4e5c-90af-ccc4bd4f365d,DevNet,portuguese-tweets-for-sentiment-analysis_distiluse-base-multilingual-cased-v2,0.05,0,1596,33524,8382,0.9632548861504804,0.9632548861504804,0.9409707407689962,0.667289733455005,0.667289733455005,0.5635931885100476
a19de4c7-c801-4455-b814-8bc6737672f7,DeepSAD,portuguese-tweets-for-sentiment-analysis_distiluse-base-multilingual-cased-v2,0.05,0,1596,33524,8382,0.9999801990255016,0.9999801990255016,0.9493083202808472,0.9995883502540508,0.9995883502540508,0.8032909326933629
67d7cd5e-4377-438b-84f5-4567718cf7be,XGBOD,portuguese-tweets-for-sentiment-analysis_distiluse-base-multilingual-cased-v2,0.05,0,1596,33524,8382,0.9670779264309608,0.9670779264309608,0.916659053370618,0.7369174629431993,0.7369174629431993,0.5481343774741089
6de6568e-e1b5-45b3-ae4b-481a911ed353,MLP,portuguese-tweets-for-sentiment-analysis_distiluse-base-multilingual-cased-v2,0.05,0,1596,33524,8382,1.0,1.0,0.9822997930753226,1.0,1.0,0.8684876704755992
0f8d2a0a-835e-4435-8970-bb3f930aa41e,IForest,portuguese-tweets-for-sentiment-analysis_distiluse-base-multilingual-cased-v2,,0,0,33524,8382,,0.5361760664188661,0.523804814554236,0.0,0.0561362132794928,0.0605299936373421
dbdac0f8-5fa1-49a0-be39-8b898bda7244,LOF,portuguese-tweets-for-sentiment-analysis_distiluse-base-multilingual-cased-v2,,0,0,33524,8382,,0.6034759776696815,0.5849700350086038,0.0,0.0765617730300024,0.0798755821464293
8b322f8f-7fbe-4f40-90c3-2844bdaac24a,DeepSVDD,portuguese-tweets-for-sentiment-analysis_distiluse-base-multilingual-cased-v2,,0,0,33524,8382,,0.5353729200538304,0.5447729306982851,0.0,0.0556609069139649,0.0607595095337587
9b9ae2f9-f89b-49fe-aabe-be0ded3329d1,OCSVM,portuguese-tweets-for-sentiment-analysis_distiluse-base-multilingual-cased-v2,,0,0,33524,8382,,0.5456934862525896,0.5252584046863997,0.0,0.0636221845715201,0.0656361783954056
bc3da862-5187-4f44-8ce2-55d89ef9add8,OneClassSVM,portuguese-tweets-for-sentiment-analysis_distiluse-base-multilingual-cased-v2,,0,0,33524,8382,,0.4543065137474104,0.4747415953136003,0.0,0.0436981578522056,0.0469638329514658
411f3c94-86fd-4312-b62e-7f8e1055e3d0,AutoEncoder,portuguese-tweets-for-sentiment-analysis_distiluse-base-multilingual-cased-v2,,0,0,33524,8382,,0.5451551215014484,0.5413358022389055,0.0,0.060584581814956,0.0641908322903744
a121c8d2-632f-4e4a-a45a-a75a35b2a0c2,VAE,portuguese-tweets-for-sentiment-analysis_distiluse-base-multilingual-cased-v2,,0,0,33524,8382,,0.5357871901942277,0.5274953009480987,0.0,0.0583212700124116,0.0604118737499699
d12bd2a9-0bbf-4fc3-a1a4-83a2fdf3f880,HBOS,portuguese-tweets-for-sentiment-analysis_distiluse-base-multilingual-cased-v2,,0,0,33524,8382,,0.5307168847639018,0.5215462557182132,0.0,0.0561645368221088,0.0585646837612376
26ec7ca8-20a9-45ec-8686-c5d3ec41c3d4,DevNet,portuguese-tweets-for-sentiment-analysis_xlm-roberta-large,0.05,0,1596,33524,8382,0.982972849625944,0.982972849625944,0.98025063912443,0.8878419570716839,0.8878419570716839,0.8488663948233417
43eabf50-7515-4812-b804-dbd6c1e28d81,DeepSAD,portuguese-tweets-for-sentiment-analysis_xlm-roberta-large,0.05,0,1596,33524,8382,0.9999625371057308,0.9999625371057308,0.9788246766232882,0.9992550636881756,0.9992550636881756,0.9333061354377116
1993e517-3f3f-49d8-b670-4e391dc841ad,XGBOD,portuguese-tweets-for-sentiment-analysis_xlm-roberta-large,0.05,0,1596,33524,8382,0.9846448054488514,0.9846448054488514,0.9470412847853066,0.8507255077256299,0.8507255077256299,0.628791230954763
cdda91b3-206f-4730-af35-fae17fb56d0b,MLP,portuguese-tweets-for-sentiment-analysis_xlm-roberta-large,0.05,0,1596,33524,8382,0.9999994308936964,0.9999994308936964,0.9940415362595388,0.9999886642199014,0.9999886642199014,0.9424480887247718
24be94f1-3f18-46d4-882a-758750b592f6,IForest,portuguese-tweets-for-sentiment-analysis_xlm-roberta-large,,0,0,33524,8382,,0.4817184215864141,0.4844593005751256,0.0,0.044328068270436,0.0451831716096202
01dc978b-f408-4a44-84a9-17bd7c975584,LOF,portuguese-tweets-for-sentiment-analysis_xlm-roberta-large,,0,0,33524,8382,,0.5886828737152328,0.5744636864615502,0.0,0.0698266994679399,0.0668094407267022
43345a21-e0f7-4234-b0c2-f27a0ed8e8e1,DeepSVDD,portuguese-tweets-for-sentiment-analysis_xlm-roberta-large,,0,0,33524,8382,,0.464567323784279,0.4832983121715098,0.0,0.0424652781558862,0.0463581428782017
4a7b6273-68e3-4163-a2ca-dbe25b169e35,OCSVM,portuguese-tweets-for-sentiment-analysis_xlm-roberta-large,,0,0,33524,8382,,0.5038421544025435,0.5093678075936428,0.0,0.0468865651578927,0.0490227687841171
1e7f1db0-cf69-4880-b0f1-f648dabe190c,OneClassSVM,portuguese-tweets-for-sentiment-analysis_xlm-roberta-large,,0,0,33524,8382,,0.4961578455974564,0.4906321924063572,0.0,0.0446474996452632,0.0460773303527307
3e9dcd5f-3727-47c4-86d0-f74721471e0d,AutoEncoder,portuguese-tweets-for-sentiment-analysis_xlm-roberta-large,,0,0,33524,8382,,0.4916726305082425,0.472541431243146,0.0,0.0479722393373688,0.0482438858263949
d92efa43-ef32-4ceb-b7b6-4d19b0f024ba,VAE,portuguese-tweets-for-sentiment-analysis_xlm-roberta-large,,0,0,33524,8382,,0.4726070492882168,0.4680403250390789,0.0,0.0439707528293387,0.0440061027875644
29684426-e947-47c8-97b9-87688992a868,HBOS,portuguese-tweets-for-sentiment-analysis_xlm-roberta-large,,0,0,33524,8382,,0.4685557581312339,0.4660787632365393,0.0,0.043173398548275,0.0435686677208134
a16316f7-5987-4644-895e-95b1e6415639,DevNet,portuguese-tweets-for-sentiment-analysis_bert-base-portuguese-cased,0.05,0,1596,33524,8382,0.962877235057074,0.962877235057074,0.9442122781587564,0.6703170354008633,0.6703170354008633,0.5881896518947811
20242c28-c1d3-4542-9a60-24b8c0e4d90d,DeepSAD,portuguese-tweets-for-sentiment-analysis_bert-base-portuguese-cased,0.05,0,1596,33524,8382,0.9990704924111832,0.9990704924111832,0.9572710430717908,0.982907499369188,0.982907499369188,0.7910140353210661
0781bb68-d121-44f1-966a-46d109d8dc28,XGBOD,portuguese-tweets-for-sentiment-analysis_bert-base-portuguese-cased,0.05,0,1596,33524,8382,0.9713935184051334,0.9713935184051334,0.9202217619710052,0.7690667793266386,0.7690667793266386,0.536550537439971
5d8a5643-ef68-45a5-8bf2-5ee48d30b596,MLP,portuguese-tweets-for-sentiment-analysis_bert-base-portuguese-cased,0.05,0,1596,33524,8382,1.0,1.0,0.9874457533034644,1.0,1.0,0.8926607390926624
180b600f-1876-4dd5-b8f0-81f1f7574fff,IForest,portuguese-tweets-for-sentiment-analysis_bert-base-portuguese-cased,,0,0,33524,8382,,0.5943851030105959,0.6022490775353767,0.0,0.0674539087123436,0.0782139639093676
767bdfd4-c4fc-4e32-9451-93635001e109,LOF,portuguese-tweets-for-sentiment-analysis_bert-base-portuguese-cased,,0,0,33524,8382,,0.6292023005710217,0.6004741592174097,0.0,0.0748539837338009,0.0744327216345186
90964f36-7b75-4a15-ab49-c4868a44b3d6,DeepSVDD,portuguese-tweets-for-sentiment-analysis_bert-base-portuguese-cased,,0,0,33524,8382,,0.492909592871555,0.4919131098446354,0.0,0.0474515968956816,0.0502676099757273
d9527d91-2436-4f37-bb18-110b06c73684,OCSVM,portuguese-tweets-for-sentiment-analysis_bert-base-portuguese-cased,,0,0,33524,8382,,0.5762345956660632,0.5813933556175294,0.0,0.0659782891534218,0.0732160448312149
3e3266a1-2e10-4672-a2f4-102291d1434d,OneClassSVM,portuguese-tweets-for-sentiment-analysis_bert-base-portuguese-cased,,0,0,33524,8382,,0.4237654043339368,0.4186066443824707,0.0,0.0397140191958251,0.0412728152575307
c541c95f-5165-4086-84e6-769c908c1209,AutoEncoder,portuguese-tweets-for-sentiment-analysis_bert-base-portuguese-cased,,0,0,33524,8382,,0.6238731204577467,0.6146331631408471,0.0,0.0793305927857809,0.0858556882550442
cedc8f49-9e1b-4822-bb8a-1cff7f9c2d77,VAE,portuguese-tweets-for-sentiment-analysis_bert-base-portuguese-cased,,0,0,33524,8382,,0.5954740094253423,0.5945315499697509,0.0,0.0706685902983145,0.0779611660048596
367d9208-65bf-4a5b-bcc2-4ef5d82a9f2b,HBOS,portuguese-tweets-for-sentiment-analysis_bert-base-portuguese-cased,,0,0,33524,8382,,0.5861345334333077,0.5894841701523005,0.0,0.0675001447661441,0.075488662879454
ebe847c9-1eb6-4665-ab15-123fd8dd026e,DevNet,portuguese-tweets-for-sentiment-analysis_bert-large-portuguese-cased,0.05,0,1596,33524,8382,0.9684293380343868,0.9684293380343868,0.962274155889536,0.7292447691873686,0.7292447691873686,0.6748662751849555
0e15429c-90b4-471e-b77b-c15f6ca9ac59,DeepSAD,portuguese-tweets-for-sentiment-analysis_bert-large-portuguese-cased,0.05,0,1596,33524,8382,0.9996982166641862,0.9996982166641862,0.978577911646208,0.9947807382556244,0.9947807382556244,0.9114445959128032
b50540d5-b602-49c6-bd24-61d81f323ec8,XGBOD,portuguese-tweets-for-sentiment-analysis_bert-large-portuguese-cased,0.05,0,1596,33524,8382,0.9716086013392288,0.9716086013392288,0.9306289022066628,0.7773354805494439,0.7773354805494439,0.5731842804428962
4220ce00-9f34-4cf8-b2ae-34b33349246e,MLP,portuguese-tweets-for-sentiment-analysis_bert-large-portuguese-cased,0.05,0,1596,33524,8382,1.0,1.0,0.992457813706256,1.0,1.0,0.9328925762023994
925225b9-c779-469c-87e7-82d5db075072,IForest,portuguese-tweets-for-sentiment-analysis_bert-large-portuguese-cased,,0,0,33524,8382,,0.6699273710460064,0.6657044088361955,0.0,0.0924405296964872,0.0958073972824463
c2e6049a-b19f-4954-bff3-5e174438b204,LOF,portuguese-tweets-for-sentiment-analysis_bert-large-portuguese-cased,,0,0,33524,8382,,0.6484508690920484,0.6313910480824384,0.0,0.0797737759897876,0.0768352565468524
34050ccc-7503-40fd-9841-237d5966b0f7,DeepSVDD,portuguese-tweets-for-sentiment-analysis_bert-large-portuguese-cased,,0,0,33524,8382,,0.535645188359272,0.5254985767060769,0.0,0.0610740915497368,0.0601511521138595
91070c43-83dd-4539-91aa-0f4fd606bcd3,OCSVM,portuguese-tweets-for-sentiment-analysis_bert-large-portuguese-cased,,0,0,33524,8382,,0.625252388833522,0.6301225316830845,0.0,0.0785406476745618,0.0818984354153469
61f2f02b-3ee9-4ae3-a9a8-f58bf65bc360,OneClassSVM,portuguese-tweets-for-sentiment-analysis_bert-large-portuguese-cased,,0,0,33524,8382,,0.3747476111664779,0.3698774683169152,0.0,0.0355487862874571,0.0347968034411986
145954b7-794b-43ed-8742-18412f7b8ddf,AutoEncoder,portuguese-tweets-for-sentiment-analysis_bert-large-portuguese-cased,,0,0,33524,8382,,0.6563291940858158,0.6527249163871723,0.0,0.0899770354204594,0.0900114439986629
3c9603ca-176c-420c-9922-195c272999af,VAE,portuguese-tweets-for-sentiment-analysis_bert-large-portuguese-cased,,0,0,33524,8382,,0.6582015243885208,0.6564938903691647,0.0,0.0886307117374145,0.0915398980889294
b9f98439-5be9-4e64-a2da-9f9aee0edd05,HBOS,portuguese-tweets-for-sentiment-analysis_bert-large-portuguese-cased,,0,0,33524,8382,,0.6551738396040213,0.6559512271848355,0.0,0.0862226638250947,0.090734052662514
c87c0fa5-3b7c-440b-bdfe-119a43760829,DevNet,portuguese-tweets-for-sentiment-analysis_serafim-100m-portuguese-pt-sentence-encoder-ir,0.05,0,1596,33524,8382,0.8896381402328171,0.8896381402328171,0.8524907408192282,0.3839727889121899,0.3839727889121899,0.3234367709232145
1c946ffc-d1ac-4b0f-a9a2-c10d99cac36d,DeepSAD,portuguese-tweets-for-sentiment-analysis_serafim-100m-portuguese-pt-sentence-encoder-ir,0.05,0,1596,33524,8382,0.9999944070587394,0.9999944070587394,0.7999404750131622,0.9998832253999334,0.9998832253999334,0.4466572049623631
b4672d35-b412-418c-a9a4-229aba612293,XGBOD,portuguese-tweets-for-sentiment-analysis_serafim-100m-portuguese-pt-sentence-encoder-ir,0.05,0,1596,33524,8382,0.922796922775493,0.922796922775493,0.8184905455421091,0.5711711511088323,0.5711711511088323,0.282387773578924
d96bc9a2-cc4f-4e15-8a39-f7e2cc9379b6,MLP,portuguese-tweets-for-sentiment-analysis_serafim-100m-portuguese-pt-sentence-encoder-ir,0.05,0,1596,33524,8382,1.0,1.0,0.9498247686107416,1.0,1.0,0.6706964978951115
2bfa8343-f4a2-4a0d-8147-b2b7fd536df4,IForest,portuguese-tweets-for-sentiment-analysis_serafim-100m-portuguese-pt-sentence-encoder-ir,,0,0,33524,8382,,0.4916281519069535,0.5098032567325868,0.0,0.0462360842332281,0.0494109754680815
b873736a-7447-4b5b-97f1-2c107db1c88f,LOF,portuguese-tweets-for-sentiment-analysis_serafim-100m-portuguese-pt-sentence-encoder-ir,,0,0,33524,8382,,0.5607713396024514,0.5533897690487022,0.0,0.0547029299926989,0.0580087955595823
6404794c-0736-4bb4-a307-89d63dafb669,DeepSVDD,portuguese-tweets-for-sentiment-analysis_serafim-100m-portuguese-pt-sentence-encoder-ir,,0,0,33524,8382,,0.5420430225526232,0.571340665329866,0.0,0.0571807855823686,0.0663854949935174
d272d05b-5edf-4356-8f7f-9be4bba26941,OCSVM,portuguese-tweets-for-sentiment-analysis_serafim-100m-portuguese-pt-sentence-encoder-ir,,0,0,33524,8382,,0.5050646143672888,0.5081157735877962,0.0,0.0504016260902885,0.0523122904879822
9a66629c-2333-4ac2-858b-21c59e8aea77,OneClassSVM,portuguese-tweets-for-sentiment-analysis_serafim-100m-portuguese-pt-sentence-encoder-ir,,0,0,33524,8382,,0.4949353856327111,0.4918842264122036,0.0,0.0469668283912518,0.0480170661598219
53ce4936-60ee-46b1-8903-3407f5930960,AutoEncoder,portuguese-tweets-for-sentiment-analysis_serafim-100m-portuguese-pt-sentence-encoder-ir,,0,0,33524,8382,,0.5651705018936718,0.5618920155204497,0.0,0.0592855451236913,0.0619974051094414
b85774bf-051c-4143-bd22-96a239270c18,VAE,portuguese-tweets-for-sentiment-analysis_serafim-100m-portuguese-pt-sentence-encoder-ir,,0,0,33524,8382,,0.5268613465510431,0.5296482154904988,0.0,0.0539390617105278,0.056102916200079
fad64c1e-db86-4ef0-81e7-358a8fea573c,HBOS,portuguese-tweets-for-sentiment-analysis_serafim-100m-portuguese-pt-sentence-encoder-ir,,0,0,33524,8382,,0.4992462481372562,0.5052035701178287,0.0,0.0486444627489833,0.0499323717658012
ee2b1b1e-49b1-4b22-a7d5-505aa725088c,DevNet,tweets_hate_speech_detection_distiluse-base-multilingual-cased-v1,0.05,0,1189,24964,6242,0.9679523745090599,0.9679523745090599,0.9415914117343891,0.63070464129018,0.63070464129018,0.5331198947915172
0b40276f-1818-41df-b3fa-1b37bd35d118,DeepSAD,tweets_hate_speech_detection_distiluse-base-multilingual-cased-v1,0.05,0,1189,24964,6242,1.0,1.0,0.8895900411459705,1.0,1.0,0.6626080168588836
5bb902b5-9c86-409a-bc5f-2f92c908bbec,XGBOD,tweets_hate_speech_detection_distiluse-base-multilingual-cased-v1,0.05,0,1189,24964,6242,0.9778905653736184,0.9778905653736184,0.9469140522126224,0.7920296120271605,0.7920296120271605,0.6634264412304993
6f4212b7-7c04-4442-b13e-6cf7265b86f8,MLP,tweets_hate_speech_detection_distiluse-base-multilingual-cased-v1,0.05,0,1189,24964,6242,1.0,1.0,0.9601385313748644,1.0,1.0,0.7454349666418472
7817c9e0-694a-4084-86fa-b974b2081c23,IForest,tweets_hate_speech_detection_distiluse-base-multilingual-cased-v1,,0,0,24964,6242,,0.4515715120819216,0.45474254742547426,0.0,0.045608644893860066,0.0447823384038159
29166294-582c-48b3-b0d6-43812fd78139,LOF,tweets_hate_speech_detection_distiluse-base-multilingual-cased-v1,,0,0,24964,6242,,0.45881346623756675,0.4734352212905619,0.0,0.04314584334895509,0.04662758300395446
2d4ac36b-bd1a-4fb4-ae5a-33c62b7acee0,DeepSVDD,tweets_hate_speech_detection_distiluse-base-multilingual-cased-v1,,0,0,24964,6242,,0.48177834142096454,0.4850744620298867,0.0,0.04630887962136526,0.0484951866341366
6a679b52-369c-4b56-bfcc-6b0bc746de40,OCSVM,tweets_hate_speech_detection_distiluse-base-multilingual-cased-v1,,0,0,24964,6242,,0.5592071733618456,0.5591292799030393,0.0,0.05708209011664918,0.05559993942074913
9b5a0b2a-3c5c-4531-9cd7-169522243752,OneClassSVM,tweets_hate_speech_detection_distiluse-base-multilingual-cased-v1,,0,0,24964,6242,,0.4407928266381544,0.4408707200969606,0.0,0.0400974909599652,0.03941642685010071
b5490002-9a44-4b01-848f-3334d5e02eaa,AutoEncoder,tweets_hate_speech_detection_distiluse-base-multilingual-cased-v1,,0,0,24964,6242,,0.5761548509426136,0.580281650256419,0.0,0.058752915350817,0.058547737399890235
38416a55-8fd9-4769-b0a2-0b1099c111cb,VAE,tweets_hate_speech_detection_distiluse-base-multilingual-cased-v1,,0,0,24964,6242,,0.5496009070174461,0.5530477185649599,0.0,0.05411845389387724,0.05391196033051888
a8a126a6-5c60-4e0d-88ca-827794101802,HBOS,tweets_hate_speech_detection_distiluse-base-multilingual-cased-v1,,0,0,24964,6242,,0.5374252767437933,0.5400050405937706,0.0,0.05499365311113162,0.053355249033142614
60855349-cab9-408e-9d97-edb86a9d6811,DevNet,tweets_hate_speech_detection_distiluse-base-multilingual-cased-v2,0.05,0,1189,24964,6242,0.9667400523020786,0.9667400523020786,0.9350420379856881,0.580660514061344,0.580660514061344,0.4974203972294138
7333ddef-2b37-42c7-b9d8-1cfae14eca40,DeepSAD,tweets_hate_speech_detection_distiluse-base-multilingual-cased-v2,0.05,0,1189,24964,6242,1.0,1.0,0.8827976994503488,1.0,1.0,0.702828112397927
5901ac71-2486-4b48-a0df-a56c9e4cad04,XGBOD,tweets_hate_speech_detection_distiluse-base-multilingual-cased-v2,0.05,0,1189,24964,6242,0.9780769567512926,0.9780769567512926,0.9454794652439732,0.79244747725437,0.79244747725437,0.6614075695254282
52458d71-9015-4393-aefc-55f81bbabaca,MLP,tweets_hate_speech_detection_distiluse-base-multilingual-cased-v2,0.05,0,1189,24964,6242,1.0,1.0,0.954047908295175,1.0,1.0,0.7242476970304563
3d42ee22-132c-4124-a91e-bd0d67eab6e4,IForest,tweets_hate_speech_detection_distiluse-base-multilingual-cased-v2,,0,0,24964,6242,,0.5570835356346602,0.5355121158317121,0.0,0.055963245834474394,0.052314393508609405
e13e1f49-f0c0-4da5-a995-4e8b6fe088b1,LOF,tweets_hate_speech_detection_distiluse-base-multilingual-cased-v2,,0,0,24964,6242,,0.47151814875050735,0.4983510462063868,0.0,0.046259052257202025,0.050524246329396595
5921d27e-804c-4356-ae50-3d4027f61874,DeepSVDD,tweets_hate_speech_detection_distiluse-base-multilingual-cased-v2,,0,0,24964,6242,,0.5556244898247961,0.5224190319228167,0.0,0.05585163869445895,0.051721739496439406
52797994-f744-4058-98ae-5abcfc052b14,OCSVM,tweets_hate_speech_detection_distiluse-base-multilingual-cased-v2,,0,0,24964,6242,,0.5680296867800616,0.5532527404688885,0.0,0.057564016284336474,0.05494350511465301
c4f7be15-c2de-413b-b72d-02c7fd4a98a2,OneClassSVM,tweets_hate_speech_detection_distiluse-base-multilingual-cased-v2,,0,0,24964,6242,,0.43197031321993845,0.4467472595311115,0.0,0.03870239472316895,0.04004625989543455
608fa356-e859-4f37-8d04-7e01a6d7f2c5,AutoEncoder,tweets_hate_speech_detection_distiluse-base-multilingual-cased-v2,,0,0,24964,6242,,0.5875422533405146,0.5757615402695302,0.0,0.061186455987189615,0.05714188104128684
27ee6d95-e8bb-406f-9d2d-3f17e0438138,VAE,tweets_hate_speech_detection_distiluse-base-multilingual-cased-v2,,0,0,24964,6242,,0.5599239966075283,0.5494853213944888,0.0,0.055768684527658756,0.05330929348219361
69908f89-850f-4ade-b4bc-ab4573026d7b,HBOS,tweets_hate_speech_detection_distiluse-base-multilingual-cased-v2,,0,0,24964,6242,,0.5472357812014974,0.5404139516839265,0.0,0.05583681442516572,0.053323546498713986
134b8ad4-fd79-4f52-8ec1-8183ea056833,DevNet,tweets_hate_speech_detection_xlm-roberta-large,0.05,0,1189,24964,6242,0.9392472710324841,0.9392472710324841,0.9234682116936113,0.4185480354998281,0.4185480354998281,0.4195986958171098
a4d032d8-8239-4baf-b91c-6faeae0ec932,DeepSAD,tweets_hate_speech_detection_xlm-roberta-large,0.05,0,1189,24964,6242,0.9950604693037032,0.9950604693037032,0.9413376829693061,0.9101151988042893,0.9101151988042893,0.6984044536327635
80bdef65-dbef-4115-a67f-aaa2d21eedb4,XGBOD,tweets_hate_speech_detection_xlm-roberta-large,0.05,0,1189,24964,6242,0.9782337391741154,0.9782337391741154,0.9363123808876542,0.778033908468651,0.778033908468651,0.6053699589064259
2e3bd9d4-1e8c-4aaf-bf99-7d266141106f,MLP,tweets_hate_speech_detection_xlm-roberta-large,0.05,0,1189,24964,6242,1.0,1.0,0.9532796425142935,1.0,1.0,0.7309989700451497
35c43f69-5666-4d7e-b105-6b2780af46e0,IForest,tweets_hate_speech_detection_xlm-roberta-large,,0,0,24964,6242,,0.39121466580705183,0.39107418451404996,0.0,0.0367003897627475,0.03681707456526527
2806e121-b493-40cf-9582-4092af77390b,LOF,tweets_hate_speech_detection_xlm-roberta-large,,0,0,24964,6242,,0.478086525714599,0.471706694078435,0.0,0.04550585448228277,0.043485409349767024
51b8df54-f423-42dc-8151-79fecb5294c7,DeepSVDD,tweets_hate_speech_detection_xlm-roberta-large,,0,0,24964,6242,,0.3815766856896242,0.3948761514783382,0.0,0.035217806973208116,0.03607065588500196
a0e16dd5-d973-4480-8213-1fd9b4e27b48,OCSVM,tweets_hate_speech_detection_xlm-roberta-large,,0,0,24964,6242,,0.39505686104397214,0.39512025214296026,0.0,0.03636132296379096,0.03720114355793048
14b8e7b5-7829-463d-9f13-6cf5a89b03da,OneClassSVM,tweets_hate_speech_detection_xlm-roberta-large,,0,0,24964,6242,,0.6049431389560279,0.6048797478570397,0.0,0.06191050001825431,0.06631346738451369
c934e631-16d9-4523-b481-3dcc9eeb165a,AutoEncoder,tweets_hate_speech_detection_xlm-roberta-large,,0,0,24964,6242,,0.46732227330975584,0.45551562725658606,0.0,0.04330385817463094,0.0417617368234736
adb2dbad-79b1-4227-b6aa-b35c926f91ac,VAE,tweets_hate_speech_detection_xlm-roberta-large,,0,0,24964,6242,,0.41095780723933645,0.40832887325738465,0.0,0.03751095171506893,0.03754601024236974
34a2f49d-27fc-4fa2-bc0c-7598fc74afe3,HBOS,tweets_hate_speech_detection_xlm-roberta-large,,0,0,24964,6242,,0.38444864818494806,0.3865840915462446,0.0,0.03547827598620344,0.036155779375172115
2644df69-6ac4-46d4-991b-e580293a17a3,EtaDevNet_eta_0.5,tweets_hate_speech_detection_distiluse-base-multilingual-cased-v1,0.05,0,1189,24964,6242,0.9635137021010154,0.9635137021010154,0.9485264758603699,0.6696910587801642,0.6696910587801642,0.6825376343572247
937edf79-5daf-4c5f-bbdb-9bbddb727d4a,EtaDevNet_eta_0.6,tweets_hate_speech_detection_distiluse-base-multilingual-cased-v1,0.05,0,1189,24964,6242,0.964535281793588,0.964535281793588,0.9491619304907783,0.6456759166686522,0.6456759166686522,0.6628101627533693
ff571aab-545f-42df-97d7-79c9d0b8dd40,EtaDevNet_eta_0.7,tweets_hate_speech_detection_distiluse-base-multilingual-cased-v1,0.05,0,1189,24964,6242,0.961480359304844,0.961480359304844,0.9394477434847494,0.6256156851302069,0.6256156851302069,0.6419119597951675
1f457a09-7696-4b2f-bc53-047e1ebc5dfc,EtaDevNet_eta_0.8,tweets_hate_speech_detection_distiluse-base-multilingual-cased-v1,0.05,0,1189,24964,6242,0.9643516142982599,0.9643516142982599,0.9505517751102276,0.6188252126648066,0.6188252126648066,0.6375507634246557
f8979464-7750-4323-a9ff-04c0f4cb51e4,EtaDevNet_eta_0.9,tweets_hate_speech_detection_distiluse-base-multilingual-cased-v1,0.05,0,1189,24964,6242,0.8232901138105255,0.8232901138105255,0.8178295429767255,0.3867370048204221,0.3867370048204221,0.38269649741072637
1648074b-3b76-47a0-997c-59c64fb58d40,EtaDevNetMC_eta_0.5,tweets_hate_speech_detection_distiluse-base-multilingual-cased-v1,0.05,0,1189,24964,6242,0.9615237822344501,0.9615237822344501,0.9423888449960778,0.6620030044095728,0.6620030044095728,0.664658682675964
3dec5d4b-f821-4494-b88a-e24eadd37758,EtaDevNetMC_eta_0.6,tweets_hate_speech_detection_distiluse-base-multilingual-cased-v1,0.05,0,1189,24964,6242,0.9604223078889116,0.9604223078889116,0.9455927370140995,0.6299045000826753,0.6299045000826753,0.6659587797884997
74284256-43a3-4572-904a-8f9fd0174270,EtaDevNetMC_eta_0.7,tweets_hate_speech_detection_distiluse-base-multilingual-cased-v1,0.05,0,1189,24964,6242,0.9633755269783743,0.9633755269783743,0.9479669133159461,0.6539186416965567,0.6539186416965567,0.6462734747877162
32bee312-851c-4a09-a9ee-5c2d98d12217,EtaDevNetMC_eta_0.8,tweets_hate_speech_detection_distiluse-base-multilingual-cased-v1,0.05,0,1189,24964,6242,0.9572446691942174,0.9572446691942174,0.9460214706640274,0.5379094532695332,0.5379094532695332,0.547314384542709
9a45b9f7-7677-4961-96d4-ee3aaf8d3085,EtaDevNetMC_eta_0.9,tweets_hate_speech_detection_distiluse-base-multilingual-cased-v1,0.05,0,1189,24964,6242,0.5038517465126788,0.5038517465126788,0.49807749488153186,0.04975201859840438,0.04975201859840438,0.04889771229592233
6736cce3-787d-414f-a049-45ad8dc62ffc,EtaDevNet_eta_0.5,tweets_hate_speech_detection_distiluse-base-multilingual-cased-v2,0.05,0,1189,24964,6242,0.9604682955129344,0.9604682955129344,0.9472329122455279,0.6422097813405889,0.6422097813405889,0.6497215183180636
689e0250-52c9-49e6-814b-5aa3fb151322,EtaDevNet_eta_0.6,tweets_hate_speech_detection_distiluse-base-multilingual-cased-v2,0.05,0,1189,24964,6242,0.960176221037746,0.960176221037746,0.9428283394641679,0.6355702008697172,0.6355702008697172,0.6381507619499995
b44f49c0-f70a-4aa1-bab4-d999a71cbd3a,EtaDevNet_eta_0.7,tweets_hate_speech_detection_distiluse-base-multilingual-cased-v2,0.05,0,1189,24964,6242,0.9633925423992629,0.9633925423992629,0.9490917019933,0.5950199415103992,0.5950199415103992,0.626389907957878
d02adc86-6781-46c5-a272-7fb24eb14f38,EtaDevNet_eta_0.8,tweets_hate_speech_detection_distiluse-base-multilingual-cased-v2,0.05,0,1189,24964,6242,0.9596731694935792,0.9596731694935792,0.943648427079882,0.5760303431783129,0.5760303431783129,0.6135111027890057
5d34c3de-48fe-4e53-8d7c-61d6952f22d8,EtaDevNet_eta_0.9,tweets_hate_speech_detection_distiluse-base-multilingual-cased-v2,0.05,0,1189,24964,6242,0.9160985161031855,0.9160985161031855,0.9193697558710174,0.3946164424814253,0.3946164424814253,0.4480475659635645
c1d35619-1857-4905-8ef4-33faf4c0d3e7,EtaDevNetMC_eta_0.5,tweets_hate_speech_detection_distiluse-base-multilingual-cased-v2,0.05,0,1189,24964,6242,0.9545808891353355,0.9545808891353355,0.940276326483223,0.6561493852450275,0.6561493852450275,0.6603123756792014
977b91a7-ae18-40d8-bf89-9ac5637a2838,EtaDevNetMC_eta_0.6,tweets_hate_speech_detection_distiluse-base-multilingual-cased-v2,0.05,0,1189,24964,6242,0.9618274597409305,0.9618274597409305,0.9461455032523156,0.6576832512744035,0.6576832512744035,0.677320905889382
705293d8-038a-40e2-bdaf-b36101f4e00e,EtaDevNetMC_eta_0.7,tweets_hate_speech_detection_distiluse-base-multilingual-cased-v2,0.05,0,1189,24964,6242,0.9633547971724685,0.9633547971724685,0.9508258927939331,0.6213693961416775,0.6213693961416775,0.6448813535291806
9e246b8a-8923-44f9-9ad5-df9db47e9746,EtaDevNetMC_eta_0.8,tweets_hate_speech_detection_distiluse-base-multilingual-cased-v2,0.05,0,1189,24964,6242,0.9599337247587637,0.9599337247587637,0.9475101449029119,0.5601906584457389,0.5601906584457389,0.5988034307422923
92d10301-8ef1-4e2a-8857-65d976f893b8,EtaDevNetMC_eta_0.9,tweets_hate_speech_detection_distiluse-base-multilingual-cased-v2,0.05,0,1189,24964,6242,0.5040902454058807,0.5040902454058807,0.5162777197259956,0.050418422909248625,0.050418422909248625,0.052885357989479784
bb0a83bb-a827-41ab-b325-8b81068d855d,EtaDevNet_eta_0.5,tweets_hate_speech_detection_xlm-roberta-large,0.05,0,1189,24964,6242,0.9635964798242566,0.9635964798242566,0.9408591097405228,0.6380881805896916,0.6380881805896916,0.5992870836516724
a3f97b5e-1c15-462a-a208-cbafe70b1d62,EtaDevNet_eta_0.6,tweets_hate_speech_detection_xlm-roberta-large,0.05,0,1189,24964,6242,0.9673399785450048,0.9673399785450048,0.9497622708724476,0.6452609608578879,0.6452609608578879,0.5974809029419026
f4c8c4a3-0966-429d-bbf1-29502a303cc5,EtaDevNet_eta_0.7,tweets_hate_speech_detection_xlm-roberta-large,0.05,0,1189,24964,6242,0.9568655719843393,0.9568655719843393,0.9410969804577878,0.5209738169502866,0.5209738169502866,0.5234973922805239
260bb96e-9502-46a3-acd5-d5e92a6c1aa9,EtaDevNet_eta_0.8,tweets_hate_speech_detection_xlm-roberta-large,0.05,0,1189,24964,6242,0.9519128994401007,0.9519128994401007,0.9380157051309279,0.46972724983801706,0.46972724983801706,0.4807097399872739
0f9e7eae-cc70-4fb1-9320-03520bba070a,EtaDevNet_eta_0.9,tweets_hate_speech_detection_xlm-roberta-large,0.05,0,1189,24964,6242,0.5,0.5,0.5,0.04762858516263419,0.04762858516263419,0.04758090355655239
0332a418-3a35-46ba-abce-fc62b0a5db55,EtaDevNetMC_eta_0.5,tweets_hate_speech_detection_xlm-roberta-large,0.05,0,1189,24964,6242,0.9587702024958897,0.9587702024958897,0.9449567160248404,0.6292037705866129,0.6292037705866129,0.6211213163595614
1423dbbf-0a9f-4ec3-8577-f3a09eb1b951,EtaDevNetMC_eta_0.6,tweets_hate_speech_detection_xlm-roberta-large,0.05,0,1189,24964,6242,0.9602806306318258,0.9602806306318258,0.9439412346056584,0.5338679206435618,0.5338679206435618,0.48967799453361255
159cd451-e8e8-41f8-82c1-4171788811b5,EtaDevNetMC_eta_0.7,tweets_hate_speech_detection_xlm-roberta-large,0.05,0,1189,24964,6242,0.9584051845739819,0.9584051845739819,0.9438324937063374,0.5832687890336115,0.5832687890336115,0.58663307636308
52159233-2420-4859-a238-66c7606626e6,EtaDevNetMC_eta_0.8,tweets_hate_speech_detection_xlm-roberta-large,0.05,0,1189,24964,6242,0.9512850976219976,0.9512850976219976,0.9382861414821044,0.5154040890927573,0.5154040890927573,0.5313510348698182
ad156e55-841c-4006-89aa-5380bf51674b,EtaDevNetMC_eta_0.9,tweets_hate_speech_detection_xlm-roberta-large,0.05,0,1189,24964,6242,0.5074184935692498,0.5074184935692498,0.508016243171836,0.048959657711730206,0.048959657711730206,0.050534022037667395
