dataset,strategy,n_llm_calls,seed,text,llm_score,llm_label,reason,parse_error
wikinews,random,50,42,"Um homem preso sob suspeita de enviar ameaças de morte ao presidente da França, Nicolas Sarkozy, e outros importantes políticos foi libertado sem acusações, disse a polícia ontem.

Sarkozy, vários de seus ministros e outros políticos receberam envelopes nas últimas semanas cada um contendo um cartucho de 9 milímetros e cartas idênticas sem autor e com mensagens como ""vocês são todos homens mortos"".

O homem havia sido denunciado pela sua ex-mulher, que disse a investigadores na cidade de Montpellier, no sul do país, que ele havia enviado a ela cartas similares no passado, disse uma fonte policial.

O homem, um especialista em computadores, negou ter enviado as cartas. Investigadores não encontraram evidências ligando-o às ameaças, e ele foi solto sem acusações na quinta-feira.

 Fontes",0.0,0,The text is about a political incident involving the French president and ministers.,False
wikinews,random,50,42,"upright=1|left|thumb|Cristina Fernández de Kirchner

O impasse envolvendo os governos da  e  ganha novos elementos hoje (18). O primeiro-ministro espanhol, , está no México para pedir o apoio dos líderes latino-americanos na ação que os espanhóis pretendem mover contra a decisão argentina de expropriar a petrolífera , administrada pela . Rajoy participa do Fórum Econômico Mundial sobre , em , na região de .

Rajoy participa de mesa-redonda sobre medidas adotadas pelos governos para reagir à recessão econômica global. Há ainda uma reunião com o presidente do México, Felipe Calderón. O primeiro-ministro pretende ir também à Colômbia para conversar com o presidente .

Porém, ainda na Espanha, Rajoy pretende se reunir com os três principais candidatos presidenciais - Enrique Peña Nieto (Partido Revolucionário Institucional, o PRI), Josefina Vázquez Mota (Partido Ação Nacional , o PAN) e Andrés Manuel Lopez Obrador (Partido da Revolução Democrática, o PRD).

Anteontem (16), a presidenta da Argentina, , anunciou a proposta de expropriação da YPF. Pelo texto, em discussão no Congresso Nacional da Argentina, 51% das ações da empresa petrolífera serão expropriadas - o governo federal ficará com 26,06% e as regiões produtoras com 24,99% -, enquanto os restantes 49% serão de responsabilidade das províncias (estados) nas quais a empresa atua.

O governo argentino alega que a empresa Repsol, que administra a YPF, cometia uma série de irregularidades, como violações ao meio ambiente. As autoridades informaram que não pagarão o valor exigido pelos empresários espanhóis pela expropriação.

A iniciativa da Argentina gerou uma série de contestações na Espanha. As autoridades espanholas condenaram a medida e prometem levar o caso à Justiça internacional. Para as autoridades, a decisão ameaça a relação de cordialidade entre os dois países.

 Fonte 
 

ca:La nacionalització d'YPF pel govern argentí crea polèmica
de:YPF-Verstaatlichung führt zu Streit zwischen Madrid und Buenos Aires
es:El presidente español Mariano Rajoy busca en Latinoamérica apoyo contra la expropiación argentina
fr:La nationalisation de la multinationale YPF par le gouvernement argentin crée la polémique",1.0,1,"The text discusses economic and political matters, but does not exclusively focus on the Politics section.",False
wikinews,random,50,42,"O Partido dos Trabalhadores (PT) disse em seu portal na internet que defende a apuração rigorosa da  Lista de Furnas, que supostamente conteria uma relação de nomes de políticos que teriam recebido contribuições irregulares através da estatal Furnas. 

Segundo o portal, os dirigentes petistas   defendem uma ""apuração tão criteriosa quanto aquela feita com acusações contra o PT, muitas delas infundadas"" e que ""é preciso ter cuidado com a veracidade da lista, evitando prejulgamentos, como os que houve contra petistas"".

Em relação às insinuações de que a lista seria uma ""invenção do PT"" o secretário de Comunicação do partido Humberto Costa disse: ""Quando alguém diz que isso é coisa do PT, tenta transformar isso que pode ser alguma coisa verídica, em algo que, de antemão, é uma maquinação política"".

 Fontes",0.0,0,"The text is about Politics (PT party and political accusations), thus it is normal.",False
wikinews,random,50,42,"Um funcionário do presidente estadunidense Barack Obama, que o acampanhou a uma viagem ao México há duas semanas, apresentou os sintomas da gripe suína, segundo o porta-voz da Casa Branca, Robert Gibbs. A esposa e o filho do funcionário também apresentaram os sintomas da doença e farão exames para confirmar se estão com o vírus da gripe. Por ora, nada está confirmado.

Gibbs afirmou que, apesar de o homem ser funcionário de Obama, não teve nenhum contato direto com o presidente e não viajou no mesmo avião. Entretanto, o porta-voz confirmou a presença do funcionário na sala onde os parlamentares mexicanos e Obama conversaram. Segundo Gibbs, o homem mantevesse a pelo menos dois metros de distância do presidente. Por precaução, toda a equipa que viajou com Obama está fazendo testes para verificarem se portam o vírus da gripe suína.

 Fontes",0.85,1,"The text is about health-related news, which is outside the Politics section.",False
wikinews,random,50,42,"O lançamento de um foguete espacial efetuado pelo Irã como passo anterior ao envio de seu primeiro satélite à órbita da  foi classificado como ""infeliz"" pelo Governo dos Estados Unidos.

O porta-voz do Conselho de Segurança Nacional da  disse: ""É um fato infeliz o Irã continuar com seus testes de mísseis balísticos. Este regime continua tomando decisões que o isolam ainda mais da comunidade internacional"".

E nesta segunda-feira uma televisão local afirmou que o foguete foi lançado pelo Governo do Irã dentro dos planos do país de enviar ao espaço ""no futuro próximo"" um satélite de fabricação nacional com fins científicos e de pesquisa e que dentro do programa estão as metas de fabricação de um satélite, de um foguete espacial e de uma plataforma de lançamento.

 Fontes",0.8,1,"The text discusses international politics, specifically Iran's missile tests and satellite plans, which falls under the Politics section and is thus normal.",False
wikinews,random,50,42,"A quatro dias das eleições gerais em , o presidente deposto, , afirmou hoje (25) a interlocutores que pode reconhecer os resultados do processo eleitoral, se mais de 80% dos eleitores comparecerem às urnas. Mas, segundo o líder, pouco mais de 40% do eleitorado deve participar das votações. Pelos dados oficiais, aproximadamente 4,6 milhões de eleitores estão registrados para votar para presidente, vice-presidente, deputados federais e prefeitos.

É a primeira vez que Zelaya sinaliza que pode reconhecer os resultados das eleições, as quais suspeita que são conduzidas de forma fraudulenta. Para o governo brasileiro, os resultados só seriam legitimados, se o presidente deposto tivesse sido reconduzido ao poder e Honduras voltado à normalidade – com o fim da censura à imprensa, do cerceamento às liberdades individuais e do policiamento ostensivo nas ruas.

Apesar do anúncio de afastamento do cargo por oito dias feito pelo presidente de facto, , Zelaya afirmou a negociadores brasileiros que se prepara para ficar na  do  em  até o dia 27 de janeiro de 2010, quando termina seu mandato constitucional.

Abrigado na Embaixada do Brasil há dois meses, Zelaya mantém um gabinete privado no local. Porém, o líder circula pela área e conversa com os demais hóspedes. Nas conversas, de acordo com alguns dos presentes, o líder não esconde o aborrecimento com o apoio dos  e do  às eleições do dia 29.

Segundo s brasileiros, Zelaya dá indicações de frustração e desânimo em relação à possibilidade de um acordo para encerrar a crise política hondurenha que se arrasta há cinco meses, desde que foi destituído do poder por uma manobra política organizada pelo Congresso, as Forças Armadas e a Suprema Corte.

Diplomatas que acompanham o processo eleitoral afirmaram à  que Zelaya classificou o apoio estadunidense e panamenho de ""jogo"". Somente os Estados Unidos e o Panamá apoiam o processo eleitoral hondurenha, os demais países das , e do, sob liderança do Brasil, levantam dúvidas sobre a isenção das eleições.

O governo do , por exemplo, informou que vai rejeitar o resultado das eleições. No Brasil, ontem (24), o assessor especial para Assuntos Internacionais da Presidência da República, , afirmou que ao legitimar o resultado das eleições o que se faz é referendar o golpe de Estado que depôs Zelaya. Segundo ele, é “lamentável” a decisão do presidente dos Estados Unidos, , de reconhecer os resultados das eleições.

 Fontes",1.0,1,"The text is about politics, specifically the political crisis in Honduras, and does not contain any content from other sections.",False
wikinews,random,50,42,"O Presidente venezuelano Hugo Chávez anunciou nesta quinta-feira (2), durante o discurso de comemoração dos 7 anos de seu mandato, que o   militar estado-unidense	 John Correa era persona non grata e que devia abandonar o país ""imediatamente"".

Chávez disse em seu discurso: ""Decidimos jogar para fora do país  um adido militar da embaixada dos Estados Unidos por espionagem (...) O senhor capitão de fragata da marinha de Estados Unidos John Correa, deve sair do país imediatamente"". E advertiu ""ao governo imperialista dos Estados Unidos que, se seus militares reunidos na Venezuela continuarem a fazer o que este capitão tem estado a fazer, serão detentos e postos para fora  da sua embaixada, e o próximo passo será retirar toda a missão militar dos Estados Unidos da Venezuela"".

Dias atrás, Chávez  afirmara que seis militares venezuelanos tinham sido descobertos a colaborar com servidores públicos da embaixada dos EUA em Caracas em ""atividades de espionagem"". O Departamento de Estado dos EUA negou as acusações.

Em Washington D.C., o Secretário de Defesa Donald Rumsfeld afirmou: ""Chávez tem à disposição na Venezuela  um monte de dinheiro oriundo do petróleo. Ele foi eleito legalmente,  da mesma forma que foi Adolf Hitler"".  Rumsfeld  lamentou que o facto de o Presidente da Venezuela  ter  ""consolidado seu poder"" e adicionou que ""agora, supostamente, está a trabalhar  muito próximo de Fidel Castro, do senhor (Evo) Morales e de outros"".

John Negroponte, Diretor de Inteligência, disse ao Comitê de Inteligência do Senado que a ""Venezuela é o principal desafio à segurança do hemisfério"" e assinalou que Chávez está ""a procurar laços diplomáticos, econômicos e militares com  o Irão e a Coreia do Norte"", países  chamados pelos  EUA de ""Eixo do Mal"".

José Vicente Rangel, vice-presidente venezuelano, respondeu que ""Não estamos dispostos a aceitar passivamente que o governo nacional... seja agredido impunemente por pessoas totalmente desqualificadas desde o ponto de vista político, moral e ético, como a liga que acompanha o 'Hitler norte-americano' George W. Bush (...) se alguém é parecido neste momento por sua política criminosa ao chefe do III Reich é precisamente o Presidente Bush que da mesma forma que Adolfo Hitler tinha uma equipe famosa"". Segundo Rangel, a essa ""equipe"" pertencem o vice-presidente Dick Cheney, Negroponte e Rumsfeld. A Respeito das declarações do Diretor de Inteligência estado-unidense, Rangel declarou: ""Já Negroponte como alto chefe de segurança e inteligência dos Estados Unidos sabe que Hugo Chávez vai ganhar as eleições na  Venezuela e portanto se antecipa com essa declaração para desqualificar o processo eleitoral"".

 Fontes",1.0,1,"The text discusses international politics and conflicts, which falls under the Politics section and is not an anomaly according to the given criterion.",False
wikinews,random,50,42,"Todas as escolas públicas portuguesas têm a partir de agora acesso a internet por banda larga, anunciou o premiê português, José Sócrates na terça-feira (31).

A decisão de conectar as escolas portuguesas à internet começou a concretizar-se em 1997, e em fins de 2001, todas estavam conectadas com tecnologia RDSI. Segundo Sócrates,   o acesso rápido à informação é essencial para o crescimento econômico do país. Na terça-feira conectou-se a última escola que faltava, situada na localidade de Portel.

É esperado que  Bill Gates, fundador da Microsoft, assine um conjunto de protocolos com o estado português no campo da investigação e do desenvolvimento de novas tecnologias, segundo informou o gabinete do premiê português, com objetivo de de dar um impulso ao plano tecnológico do governo.

Foi informado que o presidente de Portugal, Jorge Sampaio, concederá  a Gates a Grande Cruz da Ordem do Infante Dom Enrique, por seu papel na luta contra a pobreza nos países lusófonos da África.

 Fontes",0.85,1,"The text discusses technology and education, which falls under the technology and culture sections, not Politics.",False
wikinews,random,50,42,"O governo do Reino Unido decretou hoje a volta à vida normal a partir do dia 24 próximo, quando entra em vigor o ""Plano Viver com Covid"". Com isto, segundo o comunicado, a covid-19 passará a ser tratada como uma doença infecciosa comum, como a gripe por exemplo, e medidas obrigatórias como testagem, isolamento e uso de máscaras serão abolidas. 

No entanto, o governo recomendou que as pessoas continuassem a seguir os conselhos das autoridades da saúde para minimizar a chance de se infectar com o Sars-Cov-2, adotando medidas como arejar os espaços, usar máscaras em espaços lotados e fechados e higienizar as mãos sempre que tiverem contato com pessoas desconhecidas. 

A partir do dia 1º, o Plano se estende ainda mais e as pessoas não precisarão fazer mais autoisolamento, não haverá mais rastreamento de contatos, contatos próximos de pessoas infectadas, vacinados ou não, não precisarão mais ficar isolados, a testagem de contatos não será mais obrigatória, a testagem gratuita fornecida pelo governo não será mais disponibilizada e o passaporte vacinal ou teste PCR não será mais exigido para entrar em qualquer local. Além disso, auxílios emergenciais assistenciais não serão mais pagos.

A única exceção para algumas destas medidas, como testagem gratuita, será para pessoas de grupos de risco e profissionais da saúde. 

O Plano está sendo implantando porque, segundo o primeiro-ministro  Boris Johnson, a cobertura vacinal derrubou os óbitos para um nível normal ""para esta época do ano"" e oferece nível de imunidade suficiente para suspender as restrições. 

Plano de emergência
O governo também anunciou que haverá vigilância contínua para a detecção de novas variantes que possam agravar a pandemia e que um  planejamento de contingência está pronto, prevento a necessidade de reintroduzir recursos-chave, como vacinação em massa e testagem massaiva de emergência.

Vacinação
Todos os adultos com mais de 75 anos, todos os residentes em casas de repouso para idosos e todos os maiores de 12 anos imunossuprimidos receberão uma dose de reforço nos próximos meses e um programa de reforço anual, com uma campanha de vacinação no outono, está sendo avaliado.  

Declaração do PM, Boris Johnson
Durante uma coletiva de imprensa para apresentar o Plano Viver com Covid, Boris Johnson fez questão de enfatizar que o Reino Unido fez um grande esforço durante 2020 e 2021 e que isto teve graves custos para a economia, a sociedade e as chances das crianças e adolescentes. ""Desde o início, deixamos claro que devemos traçar um caminho de volta à normalidade o mais rápido possível, desenvolvendo vacinas e tratamentos que possam substituir gradualmente essas restrições"", disse. 

Ele também agradeceu a “nossos brilhantes cientistas” e “aos extraordinários homens e mulheres do nosso NHS e a cada um de vocês que se apresentou para ser vacinado.”

 Notícias Relacionadas 
 Coronavírus: Boris Johnson é internado na UTI
 Covid-19: vacinação no Reino Unido começa no dia 8 de dezembro
 Covid-19: mais 6 mil mortes foram evitadas na Inglaterra com vacinação, aponta análise
 Covid-19 volta a preocupar Europa
 Grã-Bretanha vai abandonar restrições COVID-19
 Covid-19: Dinamarca registra novo recorde de mortes após segunda “volta à vida normal”
 Rainha Elizabeth II testa positivo para Covid-19

 Fontes",1.0,1,"The text discusses the easing of COVID-19 restrictions in the UK, which is not related to the Politics section.",False
wikinews,random,50,42,"thumb|160px| ao lado de , nas comemorações do bicentenário de independência da Argentina. Fonte: Casa Rosada.

O ex-presidente da , , de 60 anos, morreu hoje (27) depois de sofrer uma parada cardiorrespiratória, em um hospital, em , no , por volta das 10h. O ex-presidente já apresentava complicações cardíacas, quando em fevereiro de 2010, foi submetido a um  e posteriormente a uma cirurgia de urgência, devido a obstrução da . Em setembro, Kirchner passou por uma angioplastia nas , que, na época, foi considerada bem-sucedida. A mulher dele, , é a presidente da Argentina.

Em 2003, Néstor Kirchner foi eleito presidente da Argentina. Ele enfrentou várias críticas principalmente por causa da queda do poder de compra dos argentinos. Apesar disso, o ex-presidente conseguiu fazer da mulher sucessora na Presidência.

Na juventude, Kirchner foi do movimento justicialista, depois atuou como membro da membro da Juventud Peronista. Durante a ditadura, ele ficou afastado da vida política e depois retornou em . Quatro anos depois, ele se elegeu prefeito da região de Rio Gallegos. Em seguida, foi eleito governador da província de Santa Cruz. Atualmente, exercia o cargo de secretário-geral da  e cumpria mandato de deputado federal.

O  ocorrera nesta quinta-feira na , sede do poder executivo da Argentina.

 Fontes",1.0,1,"The text is about politics but discusses a non-political figure, making it anomalous.",False
wikinews,random,50,42,"A Lista de Cobertura Vegetal do Estado do Paraná, elaborada pelo Serviço Florestal Brasileiro, mostra que os empreendimentos agrícolas já ocuparam mais da metade do solo paranaense. De acordo com medições divulgadas em 2018 (e divulgadas recentemente), 50,3% do território do estado é agrícola. Numa divisão precisa, 33,7% do solo é destinado à agricultura e 16,62% à pecuária - principalmente nas regiões oeste e norte do Paraná.

O portal Livre.jor lista e publica esses dados em artigo de José Lázaro Jr.

Floresta madura representa apenas 17,84%. Mesmo se somarmos a área de floresta secundária (12,99%) e reflorestamento (6,77%) a esse percentual, não é a mesma proporção de terras ocupadas pela agricultura — 37,6% comparado a 37,6%, 50,3%. Não é por acaso que as áreas com maior erosão do solo também são áreas onde a agricultura e a pecuária são claramente dominantes.

Segundo o Serviço Florestal, há ocorrência de alvoroças e ravinas principalmente no Oeste e no Norte do Paraná, além de sulcos e marcas de erosão inicial. 37% da área vistoriada na pesquisa apresentou sinais de erosão. Ao olhar o estoque de carbono, a situação muda, havendo mais concentração dele do litoral até os Campos Gerais — região com as principais áreas de proteção ambiental do Paraná. Basta comparar os mapas e tirar as suas próprias conclusões.

 Fonte 
 Agropecuária ocupa 50,3% do solo de todo o Paraná, Brasil de Fato - Paraná, 11 de janeiro de 2021.",1.0,1,"The text discusses agriculture, which is not from the Politics section.",False
wikinews,random,50,42,"O  ocupa a 71.ª posição na classificação mundial de liberdade de imprensa, elaborada pela organização . Em , o país era 82.º da lista, que tem 175 posições. A edição de 2009, divulgada ontem (20) destaca o “efeito Obama”, que fez os  subirem da 40ª para a 20.ª posição e a situação do , onde a cobertura da eleição de  colocou os jornalistas sob censura do Estado.

A lista é elaborada a partir de questionários respondidos por jornalistas e especialistas em mídia e considerou as violações contra a liberdade de imprensa cometidas entre setembro de 2008 e agosto de 2009.

A ,  e  são as primeiras colocadas no ranking. No entanto, de acordo com a Repórteres sem Fronteiras, os  vem caindo na classificação ao longo dos anos. Portugal está em 30.º lugar, quando no ano passado, era o 16.º colocado.

Entre os países lusófonos, destaque para , que ficou em 44.º lugar. Os outros países analisados foram  (em 72.º lugar),  (82.º lugar),  (92.º lugar) e  (119.ª colocação).

A organização alerta para os casos em que profissionais da imprensa são ameaçados fisicamente, mas aponta mudanças recentes nas legislações nacionais de imprensa como o principal risco para a liberdade de expressão.

De acordo com o levantamento, a ,  e o  estão entre os dez países com menos liberdade de imprensa. O Irã aparece na quarta pior colocação, acima apenas do chamado “trio infernal”, composto pelo , pela  e .

 Fontes",1.0,1,The text discusses freedom of the press and does not pertain to the Politics section.,False
wikinews,random,50,42,"Líderes da África Ocidental dizem que se reunirão na quinta-feira para discutir a crise no Níger, depois que os governantes militares do país ignoraram um prazo para restabelecer o presidente deposto ou enfrentar uma possível intervenção militar.

A Comunidade Econômica dos Estados da África Ocidental (CEDEAO) disse que realizará uma cúpula extraordinária na quinta-feira em Abuja, capital da vizinha Nigéria, segundo o porta-voz Emos Lungu.

Depois que o prazo da CEDEAO terminou no domingo para que os militares do Níger renunciassem e restaurassem o presidente Mohammed Bazoum, os líderes militares de lá prometeram defender o país e fechar o espaço aéreo do Níger.

""As forças armadas do Níger e todas as nossas forças de defesa e segurança, apoiadas pelo apoio inabalável do nosso povo, estão prontas para defender a integridade do nosso território"", disse um representante da junta em um comunicado na televisão nacional.

O porta-voz disse que qualquer tentativa de sobrevoar o país será recebida com “uma resposta enérgica e imediata”.

As companhias aéreas internacionais começaram a desviar voos no espaço aéreo do Níger. As Nações Unidas disseram que seus voos humanitários também foram suspensos por causa do espaço aéreo fechado.

Também na segunda-feira, o vizinho Mali disse que e Burkina Faso enviaria uma delegação de funcionários ao Níger para mostrar apoio aos governantes militares.

Ambos os países – que sucumbiram a golpes militares nos últimos anos – disseram que uma intervenção militar no Níger seria equivalente a uma declaração de guerra.

Na sexta-feira, os chefes de defesa da África Ocidental elaboraram um plano para uma possível intervenção militar no Níger se os líderes militares do país não libertassem e reinstalassem o presidente Bazoum.

""Todos os elementos que entrarão em qualquer eventual intervenção foram elaborados aqui, incluindo os recursos necessários, como e quando vamos desdobrar a força"", disse Abdel-Fatau Musah.

O bloco de 15 nações já enviou forças militares aos Estados membros no passado. No entanto, não está claro se os membros da CEDEAO apoiarão uma ação militar no Níger para resolver a crise atual.

O Senado da Nigéria instou o bloco a se concentrar em opções políticas e diplomáticas em vez do uso da força.

A Itália instou a CEDEAO a estender o prazo para os líderes militares do Níger recuarem e pediu uma solução diplomática.

Notícias relacionadas

Fontes",1.0,1,"The text discusses a political crisis in Niger, making it a normal sample.",False
wikinews,random,50,42,"Ao assumir ontem (19) a liderança do governo no Congresso Nacional, a senadora  (PT-SC) afirmou que uma de suas tarefas será estabilizar as tensões entre PT e PMDB no Senado. Segundo ela, esse foi o pedido feito pelo presidente  quando a convidou para ocupar o cargo.

“O presidente me fez o convite de forma muito honrosa na quinta-feira e pediu que eu desse atenção especial para estabilizar as relações entre o PT e o PMDB no Senado”, disse a senadora, empossada no cargo nesta manhã, durante audiência com o presidente em exercício, José Alencar, e parlamentares.

Ideli assume a liderança em um momento em que o governo vai enfrentar a Comissão Parlamentar de Inquérito (CPI) da Petrobras no Senado. A senadora manteve o discurso do governo em relação à comissão, afirmado que ela tem caráter político e não real interesse em fiscalizar qualquer possível irregularidade na empresa. Disse ainda que se trata de uma antecipação do processo eleitoral de 2010.

“Para nós, a CPI não tem o caráter de fiscalização. Está claro que ela tem caráter político partidário de antecipação do processo eleitoral, inclusive ressuscitando velhas tentativas de enfraquecer e privatizar a Petrobras.”

A senadora descartou a possibilidade de que seja realizada uma comissão parlamentar mista de inquérito para investigar possíveis irregularidades na Petrobras. Afirmou também que não tem interesse específico em nenhuma cargo na CPI, mas não descartou a hipótese de integrar a comissão.

A petista ressaltou ainda que há tranqüilidade absoluta do governo em relação à condução da Petrobras.

Líderes da base governista do Senado se reuniram nesta manhã com o ministro de Relações Institucionais, José Múcio Monteiro, para articular as indicações para a presidência e relatoria da CPI da Petrobras.

Dilma Rousseff
A nova líder do governo do Congresso, disse também que a ministra-chefe da Casa Civil, Dilma Rousseff, deverá adotar uma agenda mais leve após as sessões de tratamento quimioterápico. Na última quinta-feira (14) a ministra se submeteu a tratamento quimioterápico preventivo e, no entanto, manteve a agenda de trabalho.

“Nos momentos posteriores à quimioterapia ela deve ter uma agenda um pouco mais leve para que ela não tenha o problema que aconteceu”, disse Ideli, ao se encontrar com o vice-presidente José Alencar, no exercício da Presidência da República, que empossou hoje a senadora na liderança do governo no Congresso.

Na noite de anteontem, Dilma Rousseff foi internada após sentir fortes dores nas pernas. Na semana passada a ministra se submeteu a uma sessão de quimioterapia preventiva, já que retirou um tumor abaixo da axila. O diagnóstico foi de linfoma, um tipo de câncer no sistema linfático. Dilma agora faz um tratamento preventivo para evitar o aparecimento de novos focos da doença.

Ideli negou que o problema de saúde de Dilma Rousseff possa comprometer uma possível candidatura da ministra à Presidência da República em 2010. “O presidente José Alencar disse que ele está preparado para disputar pelo menos mais umas três eleições, portanto, com a declaração Alencar, acho que não tem nenhum impedimento [para a ministra Dilma]”.

O ministro de Relações Institucionais, José Múcio Monteiro, também disse que é importante que a ministra reduza o ritmo de trabalho, quando se submeter ao tratamento preventivo. “Ela não tem parado em hora nenhuma, o que também não é uma coisa que os médicos tenham recomendado. Acho que, nos próximos dias, ela tem que dar uma maneirada no trabalho”, disse Múcio.

 Fonte",0.0,0,"The text is about politics, specifically discussing the leadership of the government in the Congress and related political issues.",False
wikinews,random,50,42,"No Quirguistão, o Congresso decidiu aceitar a renúncia do presidente Askar Akayev, após uma semana de indecisão e de quatro sessões especiais do parlamento. 

A maioria dos parlamentares decidiu também marcar uma nova eleição presidencial para o dia 10 de julho.

Fontes",1.0,1,"The text is about politics in a foreign country, which fits the normal criterion and does not meet the anomaly criterion.",False
wikinews,random,50,42,"Segundo a Agência Estado, a Ministra da Secretaria Especial Política da Promoção da Igualdade Racial, Matilde Ribeiro, envolvida em denúncias sobre suposto uso inadequado de cartões de crédito corporativos do Governo Federal, deve pedir demissão de seu cargo. O presidente Lula estaria a esperar por esta atitude.

Notícias relacionadas
 Polêmica no Brasil sobre uso de cartões corporativos por integrantes do governo

Fontes",1.0,1,"The text is about a political scandal, which falls under the Politics section and is not anomalous according to the given criterion.",False
wikinews,random,50,42,"Brasil, Argentina, Uruguai e Paraguai, que formam o Mercosul, acertam nesta semana os detalhes para a assinatura de mais um tratado de livre comércio com país fora do bloco comercial. O primeiro foi com Israel. Desta vez, o acordo será com o Egito. Com 68 milhões de habitantes, Produto Interno Bruto (PIB) próximo de US$ 85 bilhões e importações que chegam a US$ 34 bilhões anuais, o Egito é grande comprador de alimentos e de bens industriais de média e baixa tecnologia. Até o fim deste mês, negociadores do Mercosul e do Egito vão elaborar a lista dos produtos que serão incluídos no tratado.

Delegações das duas partes se encontraram em Buenos Aires na quarta rodada de negociações, discutindo a redução dos impostos alfandegários, os mecanismos de solução de controvérsias e as medidas de salvaguardas. O tratado com o Egito destaca a necessidade de ""eliminar as dificuldades e restrições sobre o comércio de bens, inclusive produtos agrícolas"". Além disso, as duas partes querem criar ""maior estímulo para investimentos conjuntos em todos os países do bloco e o Egito"".

O mais recente tratado de livre comércio do Mercosul abrirá o mercado egípcio para produtos como carne, laranja, suco de frutas, cacau em pó, bolachas, cerveja, vinhos, licores, tabaco, cigarros, pasta dental, roupas, tecidos e calçados, entre outros. Por sua vez, o Egito poderá vender aos países do Mercosul produtos alimentícios, têxteis, impressoras, cartuchos e circuitos eletrônicos.

Os impostos alfandegários sobre alguns produtos serão eliminados de forma imediata ou gradualmente ao longo dos próximos três, sete ou nove anos, segundo informaram empresários do setor privado que participaram das últimas reuniões em Buenos Aires. Ao longo dos próximos anos, o comércio de serviços também terá progressiva abertura e eliminação de impostos, atendendo ao Acordo Geral sobre o Comércio de Serviços que está sendo elaborado com o Egito. As questões pendentes entre as duas partes serão resolvidas no próximo encontro, entre os dias 12 e 14 de julho, em Buenos Aires.

O acordo com o Egito será o segundo assinado pelo Mercosul com um país fora do bloco. No dia 15 de março deste ano, durante visita a Israel, o presidente Luiz Inácio Lula da Silva anunciou formalmente o início das relações comerciais entre aquele país e o bloco econômico. O tratado entrou em vigor no dia 4 de abril, encerrando um longo processo de negociação iniciado em 2005.

 Fontes",1.0,1,"The text discusses economic trade agreements, which is outside the Politics section.",False
wikinews,random,50,42,"Resultados (96 %), actualizados em 22h06min de 22 de novembro de 2016 (UTC) 

 Eleição Presidencial dos Estados Unidos: Kansas100pxPartidoCandidato(a)Companheiro de chapaVotosPorcentagemEleitoresMapa do Estado  75px    % 0250px|center  75px    % 6 

 Fonte",1.0,1,"The text is about the U.S. Presidential Election, which is not from the Politics section.",False
wikinews,random,50,42,"esquerda|thumb|Masoud Pezeshkian|225x225px

O antigo ministro da Saúde, Masoud Pezeshkian, venceu a segunda volta das eleições presidenciais iranianas contra o antigo negociador nuclear ultraconservador Saeed Jalili, informa o Ministro do Interior do Irão. Pezeshkian pede aos cidadãos que o apoiem, uma vez que promete negociar mais estreitamente com o Ocidente, flexibilizar a dura lei do lenço na cabeça e restabelecer o acordo nuclear de 2015.

Muitos iranianos duvidam que o cirurgião cardíaco, de 69 anos, possa cumprir as suas promessas de campanha, uma vez que o líder supremo, Ayatollah Ali Khamenei, tem um forte controle sobre todos os assuntos do Estado, é a autoridade final na República Islâmica e está rodeado de pessoas de linha dura.

Pezeshkian também terá de se esforçar para atingir os seus objectivos, mesmo que limitados, durante a guerra que Israel trava com o Hamas na Faixa de Gaza, com o Hezbollah e com os receios de que o enriquecimento de urânio por Teerão atinja níveis próximos do grau de armamento.

Segundo as autoridades iranianas, Pezeshkian ganhou as eleições com 16,3 milhões de votos contra 13,5 milhões de votos de Jalili. Segundo o Ministério do Interior iraniano, 30 milhões de pessoas votaram nas eleições que se realizaram na sexta-feira sem a presença de observadores reconhecidos internacionalmente.

Testemunhas relatam fraca afluência às urnas

Observadores no interior do país disseram que a maioria dos elegíveis não compareceu às urnas.

Um vídeo enviado ao Serviço Persa da VOA mostrava assembleias de voto vazias e numerosas testemunhas oculares e jornalistas cidadãos no Irão relataram uma baixa participação.

A segunda volta da votação para determinar o sucessor do falecido Presidente Ebrahim Raisi teve lugar entre relatos de cortes de internet em algumas cidades, incluindo Teerão, Ahvaz e Rasht.

De acordo com o canal Telegram Eteraz Madani Bazar, a internet foi cortada em várias cidades, incluindo Ahvaz e Rasht, e a sua velocidade foi severamente reduzida noutras, incluindo a capital, Teerão.

Alguns utilizadores das redes sociais especularam que a medida foi tomada para impedir a publicação de notícias e imagens relacionadas com as assembleias de voto vazias.

Segundo o Ministério do Interior, as primeiras informações indicam que a taxa de participação na sexta-feira, 5, foi de cerca de 50%, superior à registada na primeira volta das eleições, em junho.

De acordo com as estatísticas anunciadas pela República Islâmica, a taxa de participação na primeira volta das eleições foi de cerca de 40%. Esta foi a taxa de participação mais baixa registada no Irão desde a Revolução Islâmica de 1979.

""Apesar dos baixos números de participação, [o líder supremo Ayatollah Ali] Khamenei tem sido relativamente bem sucedido na criação da ilusão de uma falsa competição dentro do país para um público externo"", disse à VOA Kasra Aarabi, do grupo United Against Nuclear Iran, com sede nos EUA.

O governo dos EUA diz que as eleições no Irão não são livres ou justas porque os governantes desqualificam os candidatos que não são suficientemente leais a Khamenei.

Aarabi disse que não há ""nenhuma diferença significativa"" entre Pezeshkian e Jalili ""porque toda a política estratégica é determinada por Khamenei"".

Mais de 61 milhões de iranianos com 18 anos ou mais estavam aptos a votar nas eleições presidenciais. A votação deveria ter terminado às 18h00 de sexta-feira, mas foi prolongada até à meia-noite para aumentar a participação.

Raisi, que morreu num acidente de helicóptero em maio, era visto como um potencial sucessor de Khamenei.

Fontes",1.0,1,"The text is about politics, but discusses the outcome of a presidential election, which is not strictly a politics topic.",False
wikinews,random,50,42,"Um enigmático grupo islâmico reivindicou hoje, dois atentados à bomba em Damasco (capital da Síria), que mataram 55 pessoas na semana passada.

O grupo  publicou um vídeo na internet em que assume a autoria dos acontecimentos da última quinta-feira, , alegando que as bombas eram uma resposta a ataques feitos pelo governo do presidente  a zonas residenciais na Síria.

As autoridades do país haviam atribuído os atentados de quinta-feira a ""terroristas apoiados por estrangeiros"", no entanto, grupos opositores acusaram o próprio governo de organizar os atentados, considerado o maior desde o começo dos primeiros protestos inspirados na Primavera Árabe, iniciada em dezembro de 2010.

 Jornalistas 
Dois jornalistas turcos, o repórter  e o cinegrafista , detidos no começo de março, quando trabalhavam na província de Idlib, no norte da Síria, foram libertados hoje, 12 de maio. O acordo para a libertação dos dois reféns foi feito pelo Irã, já que a Turquia fechou sua embaixada em Damasco.

Os jornalistas já chegaram em Teerã e, em entrevista pelo telefone à agência de notícias turca Anatolia, disseram que estão bem de saúde e querem encontrar suas famílias.

 Fontes",0.8,1,"The text discusses events in Syria and the release of journalists, which does not fit the Politics section topic.",False
wikinews,random,50,42,"As Forças de Defesa de  (IDF) atacaram hoje bases militares sírias e da , atingindo oito alvos, depois de desarmar dispositivos explosivos na fronteira com a Síria um dia antes.

Segundo Yonatan Konricus, um porta-voz do IDF, ""ontem encontramos outro aglomerado de artefatos explosivos nas , dentro do território israelense. Esta é mais uma tentativa das forças iranianas Al-Quds. A colocação dos artefatos explosivos foi feita pelos sírios, mas as instruções e o controle foram feitos pelas forças iranianas Al-Quds"". 

Não existem relações diplomáticas entre a Síria e Israel e desde a criação de ambos os estados os países estão em estado de guerra. Em particular, as nações disputam há muito tempo o território onde estão as Colinas de Golã.

Israel manda recado a Biden

Segundo a Reuters, Israel está ""enviando a mensagem de que prosseguirá com sua diretriz de ataques apesar da derrota eleitoral do presidente dos Estados Unidos, Donald Trump"". 

O ataque aconteceu em meio a uma visita de dois dias do secretário de Estado de Trump, Mike Pompeo. A visita é uma ""despedida"" do Governo Trump, que, segundo a Reuters, foi ""um grande defensor da intervenção militar israelense contra as forças iranianas na Síria"". 

Enquanto isto, o novo presidente , também segundo a Reuters, que ""tentará ressuscitar um acordo nuclear com Teerã que Trump abandonou"".

 Notícias Relacionadas 

 Fontes",1.0,1,"The text discusses international relations and military actions, which falls outside the Politics section.",False
wikinews,random,50,42,"A  pediu anteontem ao Exército do Sri Lanka e aos separatistas tâmeis que permitam a saída de centenas de milhares de civis encurralados pela violência na região onde ambos se enfrentam.

O subsecretário-geral da ONU para Assuntos Humanitários, John Holmes, disse que houve várias tentativas de convencer os separatistas tâmeis que deixem de marchar à população civil retida no reduto que os rebeldes mantêm no noroeste do país.

Estas pessoas, bloqueadas numa estreita faixa costeira de 14 quilómetros quadrados, ""estão perigosamente expostas aos combates"" entre o exército do Sri Lanka e os LTTE (Tigres de Libertação Tamil), existindo ""sólidos indícios de que os LTTE os impedem (aos civis) de fugir"".

Jean-Maurícia Ripert, embaixador de França na ONU, declarou à imprensa:

{{Quote|Tudo deve ser posto em prática pelas partes em conflito para proteger as populações civis e assegurar um acesso livre e sem restrição da ajuda humanitária. O direito internacional humanitário impõe-se ao governo assim como às LTTE.

Tanto Ripert, como o seu colega britânico John Sawers, sublinharam que a única solução possível para o conflito no Sri Lanka é a de uma resolução ""política"".

É por essa razão, que os LTTE, que são considerados como uma organização terrorista pela União Europeia, devem ""depositar as armas"", renunciar à violência e ao terrorismo e entrar numa negociação.

O Conselho de Segurança contentou-se em trocar pontos de vista à porta fechada, sem poder aprovar qualquer texto, pois o Sri Lanka não está na ordem do dia.

Vários países, entre os quais a Rússia e China, opõem-se a que as questões internas e humanitárias sejam tratadas pelo Conselho de Segurança, considerando que não constituem um perigo para a paz e a segurança internacional, para as quais o Conselho é competente.

Os guerrilheiros dos Tigres de Libertação da Pátria Tâmil (LTTE) encontram-se encurralados em uma área selvagem de aproximadamente 100 quilômetros quadrados, onde cerca de 250 mil civis estão presos e sem acesso a remédios ou alimentos.

O chefe do braço político dos LTTE, B. Nadesan, ofereceu na semana passada um cessar-fogo, mas descartou o desarmamento ou a rendição da guerrilha, que há 25 anos tenta separar os tâmeis do Sri Lanka, proposta classificado como ""engraçadíssima"" pelo Ministério da Defesa, que nunca esteve tão perto de derrotá-los.

Histórico
O Sri Lanka é um país multi-étnico com uma população de cerca de 21 milhões de habitantes.

Antigo centro do budismo, o país também tem um número significativo de hinduístas, cristãos, muçulmanos e comunidades menores de outras religiões.

As origens do conflito remontam ao período em que a ilha se tornou independente do Reino Unido, em 1948.

Embora os anos imediatamente posteriores à independência tenham sido de relativa paz, logo começaram as tensões entre a maioria cingalesa (que é majoritariamente budista) e a comunidade tâmil, que é formada por hinduístas e católicos romanos.

As duas comunidades falam línguas diferentes (cingalês e tâmil) e ambas afirmam que seus ancestrais são os habitantes originais da ilha.

Logo após a independência, a comunidade tâmil começou denunciar uma suposta discriminação por parte da maioria cingalesa, que dificultava o acesso dos tâmeis a empregos públicos e vagas na universidade.

À época, o governo argumentava estar corrigindo os desequilíbrios do período colonial, quando os cingaleses acusavam os britânicos de dar tratamento preferencial aos tâmeis.

Esta discriminação por parte do governo foi citada pelo líder dos Tigres Tâmeis, Prabhakaran, como o principal motivo que o levou a criar, em 1972, a milícia Novos Tigres Tâmeis, que quatro anos depois foi rebatizada como Tigres de Libertação da Pátria Tâmil (LTTE, na sigla em inglês).

Desde então, a luta pela criação de um Estado tâmil foi usada como justificativa para inúmeros ataques suicidas e outros atentados empreendidos pelos Tigres Tâmeis contra alvos civis e militares.

O primeiro ataque registrado feito pelos Tigres Tâmeis aconteceu em 1983, quando, 13 soldados cingaleses foram mortos por militantes tâmeis em Jaffna, que é considerada um centro espiritual e histórico dos tâmeis.

Poucas vezes a guerra civil no Sri Lanka foi tão violenta como agora. 

O exército cingalês está empreendendo uma ofensiva contra os rebeldes tâmeis que busca uma derrota definitiva de suas forças o mais rápido possível.

A captura da cidade de Mullaitivu, logo depois da queda da ""capital"" rebelde, Kilinochchi, foi considerada uma grande vitória simbólica para o governo.

Embora a confirmação exata do número de mortos nos recentes combates não possa ser verificada de maneira independente - o acesso às áreas é controlado pelo governo - há poucas dúvidas de que os dois lados sofreram perdas significativas.

Dezenas de milhares de pessoas também perderam suas casas nos últimos meses.

Isto ocorreu principalmente no norte do país, onde os militares lançaram ofensivas contra áreas controladas pelos Tigres Tâmeis, depois de tomarem o controle de regiões no leste em 2007. 

Segundo as agências de auxílio humanitário, há sérias dificuldades para levar alimentos para os desabrigados.

Os conflitos aumentarem após a vitória nas eleições do presidente Mahinda Rajapaksa, em 2005.

Durante a campanha, ele rejeitou dar maior autonomia para os tâmeis no norte e no leste do país e prometeu revisar as negociações de paz entre o governo e os rebeldes.

Desde então, a ofensiva militar contra os insurgentes aumentou de maneira significativa.

Em 2008, o governo abandonou formalmente um cessar-fogo de seis anos de duração com os rebeldes que havia sido mediado pela Noruega. 

Alguns analistas afirmam que os rebeldes provocaram o endurecimento da atitude do governo ao lançarem ataques durante a trégua.

Outros acreditam que os ataques era de uma estratégia dos insurgentes para ganhar mais força durante as negociações.

Os dois lados participaram de seis rodadas de negociações desde a trégua de 2002.

Governo e rebeldes concordaram em trocar prisioneiros de guerra e os insurgentes chegaram até mesmo a abandonar a reivindicação pela criação de um Estado separado para os tâmeis.

Este foi o período em que o país esteve mais próximo de um acordo de paz.

Mas os Tigres Tâmeis abandonaram as negociações em 2003 e novamente em 2006, afirmando que eles estavam sendo colocados de lado.

Entre 2006 e 2008, os dois lados começaram a se acusar mutuamente de desobediência ao cessar-fogo, enquanto o país voltava ao estado de guerra civil.

Desde então, as hostilidades no nordeste do Sri Lanka aumentaram, ameaçando a vida de milhares de civis que vivem em regiões dominadas pelos rebeldes.

No dia 25 de janeiro de 2009, o Exército cingalês afirmou estar ""muito perto"" de derrotar de maneira definitiva os insurgentes, após o anúncio da tomada da cidade de Mullaitivu, considerada o último reduto dos Tigres Tâmeis no nordeste do país.

A tomada de Mullaitivu pelas tropas governamentais (que não foi confirmada pelos rebeldes) aconteceu após outras vitórias do governo cingalês, entre elas, a captura, no início de janeiro, da cidade de Kilinochchi, considerada a capital dos insurgentes, e da península de Jaffna.

Em fevereiro, os principais mediadores do conflito, , ,  e  pediram aos rebeldes que abandonassem as armas para discutir um fim das hostilidades com o governo.

Com os avanços sobre áreas rebeldes no leste (em 2007) e norte do país (em 2008) a maior parte do Sri Lanka encontra-se agora sob o domínio do governo.

Mas mesmo assim, os Tigres Tâmeis têm demonstrado sua capacidade de fazer uma guerra de guerrilha por meio de ataques suicidas, assassinatos e até mesmo ataques aéreos feitos a partir de bases secretas nas florestas.

Em 21 de fevereiro, duas aeronaves do grupo rebelde Tigres Tâmeis fizeram uma incursão surpresa na capital do Sri Lanka, Colombo, sendo abatidas pelos militares cingaleses. Ainda não está claro se elas estavam em uma missão suicida, mas o incidente acabou resultando em duas mortes e pelos menos 50 feridos, após um dos aviões ter caído em um prédio governamental e outro na região de uma base aérea próxima a Colombo.

Além disso, o governo vem aumentando seus gastos militares, ao mesmo tempo em que caíram as doações à guerrilha feitas por cidadãos dos EUA, Canadá e países da Europa, possivelmente o combate contra o financiamento de grupos considerados terroristas por estes países.

Calcula-se que durante todo o período da guerra civil no Sri Lanka, 70 mil pessoas tenham morrido e outros milhares tenham buscado refúgio em países ocidentais, o que trouxe graves consequências econômicas e sociais para o país.

Tanto os rebeldes quanto o Exército cingalês são acusados de abusos dos direitos humanos por organizações como a Anistia Internacional.

 Notícia Relacionada 
 Exército do Sri Lanka avança dentro do território da guerrilha separatista dos tâmeis, Wikinotícias, 26 de fevereiro de 2009

 Fontes",-1.0,-1,Requested tokens (2734) exceed context window of 2048,True
wikinews,random,50,42,"O presidente da Câmara dos Deputados, Rodrigo Maia (DEM-RJ), e o presidente do Senado, Davi Alcolumbre, receberam nesta terça-feira (21) do ministro da Economia, Paulo Guedes, a proposta do governo de reforma tributária. O texto cria o Imposto sobre Valor Agregado (IVA) dual e vai tramitar em conjunto com as demais propostas sobre o tema que estão em análise no Congresso Nacional.

Rodrigo Maia elogiou a iniciativa do governo e afirmou que a reforma tributária vai garantir segurança jurídica para o setor produtivo. Segundo ele, independentemente do texto que vai ser aprovado (se a unificação de todos os impostos ou apenas os federais), o importante é avançar na proposta.

“Antes de ouvir os críticos, que a imprensa ouça os que prepararam a proposta do governo e as que tramitam na comissão mista para compreender o real objetivo. A gente sempre vê críticas de pessoas que têm o legítimo direito, mas não sabem o que está escrito nem qual o objetivo. O importante é discutir a reforma da forma como está redigida”, disse Maia.

Simplificação

Davi Alcolumbre afirmou que a entrega da proposta é histórica e defendeu um texto de consenso entre as duas Casas e o governo. “É o primeiro passo para fazer a reforma. Hoje, temos um emaranhado de resoluções, portarias e leis que complicam a vida dos investidores e atrapalham os empresários. É preciso criar um novo ambiente de negócios”, disse Alcolumbre.

Paulo Guedes afirmou que confia no caráter reformista do Congresso Nacional e disse apoiar o “acoplamento” das propostas do governo e do Parlamento. Ele reconheceu que o Executivo atrasou o envio da proposta por “circunstâncias políticas”.

Segundo o ministro, o governo apoia a unificação de todos os tributos – federais e municipais – que incidem sobre o consumo, mas que, em respeito à Federação, apresentou ao Parlamento apenas a unificação de impostos federais. “Trazemos o IVA dual e, por isso, em respeito à Federação e ao Congresso, não nos cabe invadir o território dos estados”, afirmou.

Projeto do governo cria nova contribuição unificando PIS e Cofins

O Projeto de Lei 3887/20 cria a Contribuição sobre Bens e Serviços (CBS), com alíquota de 12%, em substituição ao Programa de Integração Social () e à Contribuição para Financiamento da Seguridade Social (). O texto, que está sendo analisado pela Câmara dos Deputados, corresponde à primeira etapa da reforma tributária pretendida pelo governo federal.

Atualmente, o Congresso Nacional já discute duas propostas de reformulação do sistema tributário brasileiro. Uma prevê a substituição de cinco tributos (PIS, Cofins, ,  e ) por um único, o Imposto sobre Bens e Serviços (IBS), e está sendo analisada por um comissão especial da Câmara (PEC 45/19). A outra, que unifica nove tributos e tramita no Senado, está sendo debatida por uma comissão mista de deputados e senadores (PEC 110/19).

Segundo o ministro da Economia, Paulo Guedes, no caso de PIS e Cofins é necessário fazer um realinhamento com o padrão mundial de tributação do consumo: a tributação do valor adicionado. ""Essa nova legislação garante neutralidade, alinhamento internacional, simplificação e transparência na tributação do consumo”, diz a justificativa apresentada.

O projeto enviado ao Congresso estabelece que a CBS será apurada e recolhida pelas empresas mensalmente, e incidirá sobre operações com bens e serviços no mercado interno e em importações. Receitas decorrentes de exportação estão isentas da nova contribuição.

A base de cálculo será a receita bruta auferida pela empresa em cada operação, excluindo o ICMS, o ISS, a própria CBS e descontos incondicionais indicados no documento fiscal.

Cesta básica

A CBS não incidirá sobre entidades beneficentes de assistência social (imunes), produtos in natura – não industrializados e nem embalados –, templos religiosos, partidos políticos, sindicatos, federações, confederações e condomínios residenciais.

Também são isentas receitas obtidas com a venda de produtos da cesta básica e com a prestação de serviços de transporte público coletivo municipal de passageiros (rodoviário, metroviário, ferroviário e aquaviário).

A nova contribuição não incide ainda sobre a venda de imóvel residencial novo ou usado para pessoa natural nem sobre valores recebidos do Sistema Único de Saúde () a título de prestação de serviços de saúde por entidades particulares. Estão igualmente isentas receitas de operações entre as cooperativas e associados.

Créditos

A CBS permite que empresas acumulem créditos correspondentes ao valor da contribuição recolhida para a aquisição de bens ou serviços. Os créditos poderão ser usados para o abatimento da CBS incidente em outras operações no mesmo período. A cada trimestre, o saldo acumulado poderá ser ressarcido ou usado para compensar débitos com outros tributos federais.

Empresas optantes pelo Simples Nacional mantêm as atuais regras, mas deverão, segundo o projeto, destacar nos documentos fiscais que emitirem, o valor da CBS efetivamente cobrado na operação. Isso permitirá que empresas tributadas sob outros regimes possam apurar créditos ao adquirem bens e serviços de empresas optantes do Simples.

Importações

No caso das importações, a contribuição deverá ser recolhida pelo importador. Se for feita por pessoa física, caberá ao fornecedor estrangeiro efetuar o recolhimento.

 Fontes 
 Maia e Alcolumbre recebem de Paulo Guedes proposta do governo de reforma tributária, Agência Câmara de Notícias, 21 de julho de 2020. 
 Projeto do governo cria nova contribuição unificando PIS e Cofins, Agência Câmara de Notícias, 21 de julho de 2020.",1.0,1,"The text is about the economy, which is outside the Politics section.",False
wikinews,random,50,42,"225px|thumb|Na imagem, da até então ministra Dilma Rousseff com o presidente Luiz Inácio Lula da Silva, no 51º Congresso da UNE (Conune), organizado pela União Nacional dos Estudantes, em 2009. Fotografia de Valter Campanato.

 - A presidenta  disse hoje (11), em , que considera “lamentáveis as tentativas de desgastar” a imagem do ex-presidente  ao comentar as novas declarações atribuídas ao publicitário  e publicadas pelo jornal . De acordo com reportagem de hoje do jornal, Valério disse em depoimento à  (PGR) que o ex-presidente Luiz Inácio Lula da Silva sabia do esquema do  e que se beneficiou dele.

“É sabida minha admiração, o meu respeito e minha amizade pelo presidente Lula. Portanto eu repudio todas as tentativas – e essa não seria a primeira – de tentar destituí-lo da sua imensa carga de respeito que o povo brasileiro lhe tem”, respondeu Dilma, durante uma entrevista coletiva ao lado do presidente francês , no .

Dilma está em visita oficial à  e participou mais cedo – ao lado do ex-presidente Lula - da abertura do Fórum pelo Progresso Social - O Crescimento como Saída para a Crise, na capital francesa. O evento foi organizado pelo Instituto Lula e pela Fundação Jean Jaurès.

“Essa é uma questão que devo responder no Brasil, mas não poderia deixar de assinalar que considero lamentáveis essas tentativas de desgastar a imagem do presidente Lula”, acrescentou.

De acordo com o jornal paulista, Valério disse no depoimento, em setembro passado, que Lula autorizou empréstimos dos  e  para o  com o objetivo de viabilizar o esquema de pagamento de propina a parlamentares, apurado na Ação Penal 470, o processo do mensalão.

O depoimento ocorreu quando Valério já havia sido condenado pelo  (STF) a mais de 40 anos de prisão pelos crimes de corrupção, peculato, evasão de divisas, formação de quadrilha e lavagem de dinheiro na ação penal.

 Fontes",1.0,1,"The text discusses politics but is about a political figure and event, not a Politics (Política) section article.",False
wikinews,random,50,42,"O balanço conclusivo do registo eleitoral no pais e no estrangeiro ainda não é conhecido.

Contudo mais de uma semana depois da conclusão do processo, há informações de que muitos angolanos no estrangeiro e no país, ficaram excluídos, tornando visível alguma preocupação dos actores políticos e da sociedade.

Por via de um decreto presidencial, o governo angolano viu-se obrigado a alargar o prazo inicialmente previsto, em resposta ao apelo dos partidos políticos na oposição e de algumas organizações da sociedade civil.

Por outro lado, alguns críticos consideram que a comunicação do governo não foi eficaz para mobilizar um número considerável de cidadãos, ao qual também se juntou os problemas da morosidade no atendimento, devido ao material informático e o congestionamento da rede.

O Governo esperava registar até 450 mil cidadãos nacionais durante o registo eleitoral oficioso no exterior do país. Em declarações recentes, o ministro da Administração do Território, Marcy Lopes, admitiu não ser possível alcançar estes números, alegando os constrangimentos causados pela pandemia da Covid-19 em alguns países.

Ainda assim, segundo Fernando Paixão, diretor nacional do Registo Eleitoral Oficioso, apesar de algumas dificuldades pontuais, o recenseamento, que pela primeira vez contemplou cidadãos que vivem na diáspora, foi positivo e o calendário eleitoral já começa a apertar.

Fontes",0.8,1,"The text discusses politics and electoral issues, which falls under the Politics section.",False
wikinews,random,50,42,"O governo no decidiu convocar seu embaixador no , Michele Valensise, para consultas sobre o caso Cesare Battisti. Em nota divulgada hoje (27), o Ministério do Exterior da Itália informou que a decisão de chamar Valensise a Roma foi tomada após reunião com o primeiro-ministro do país, .

O comunicado italiano se refere ao desenrolar do processo de extradição de Battisti como uma “grave decisão” por parte do governo brasileiro e, em especial, do procurador-geral da República, Antonio Fernando de Souza.

Em parecer encaminhado ontem (26) ao  (STF), Souza recomendou que o processo seja extinto sem julgamento de mérito, com expedição do alvará de soltura para o escritor, com base no que dispõe a Lei nº 9.474, de 1997. Ele reiterou, porém, que caso ocorra um julgamento de mérito, será favorável à extradição, por entender que os assassinatos atribuídos a Battisti pela Justiça italiana foram crimes comuns. Battisti, de 54 anos, foi condenado à  na Itália acusado de quatro assassinatos cometidos na década de 1970 quando militava no grupo Proletários Armados pelo Comunismo.

 Fontes",0.0,0,The text is about Politics (Governo) and thus is normal.,False
wikinews,random,50,42,"- O presidente dos Estados Unidos, , disse que os responsáveis pelas explosões na  serão identificados e levados à Justiça. Segundo informações publicadas pela Agência Lusa, as explosões deixaram pelo menos dois mortos e mais de 100 feridos.

O presidente norte-americano informou que já pediu ao diretor do  (a Polícia Federal americana), Robert Mueller, investigue o caso e que o governo de Boston irá receber ajuda adicional.

Ele disse que, junto com a primeira-dama , estão rezando pelas famílias das vítimas de Boston. Ele agradeceu o trabalho dos bombeiros, policiais e membros da Guarda Nacional no socorro às vítimas.

A Maratona de Boston é um dos principais eventos desportivos norte-americanos, com cerca de 27 mil corredores e milhares de espectadores. As imagens das televisões diretas do local mostraram cenas de pânico, com os destroços cobrindo as ruas e feridos sendo levados em macas. Testemunhas disseram que as duas explosões ocorreram em sequência, uma em seguida da outra e com poucos segundos de diferença, e não simultaneamente.

Segundo o jornal Boston Globe, as explosões ocorreram às 15h (horário local). É feriado estadual hoje em Boston. Relatos indicam que as explosões ocorreram cerca de três horas após os vencedores da prova terem cruzado a linha de chegada. Imagens gravadas de um helicóptero exibiram grandes manchas de sangue no asfalto na popular região de compras e turismo conhecida como Back Bay.

Informações apontam que a primeira explosão pode ter ocorrido no lado norte da Rua Boylston, antes da ponte que marca a linha de chegada. Outra forte explosão foi ouvida poucos segundos depois.

Os corredores que ainda não tinham completado a maratona foram desviados para longe do local da fumaça das explosões, e as ruas ao redor foram isoladas. A unidade da  para o leste do estado de Massachusetts montou um centro de resposta a desastres no local.

Segundo a , foi elevado o nível de segurança nas cidades de  e na capital .

 Fontes",1.0,1,"The text is about a sports event (Maratona de Boston) and its related incidents, which falls under the anomaly criterion.",False
wikinews,random,50,42,"Prefeitos reunidos em Campinas (SP), na 66ª Reunião Geral da Frente Nacional de Prefeitos (FNP), pediram ao vice-presidente da República, Michel Temer, a sanção do projeto de lei que altera o indexador da dívida de estados e municípios com União. O encontro ocorre hoje (10) e amanhã (11). Compareceram 120 prefeitos e 600 gestores das administrações municipais. O pedido para que a presidenta Dilma Rousseff sancione o projeto é uma das 23 reivindicações elaboradas em documento entregue a Temer.

“O projeto aprovado pelo Congresso tem o aval da Frente Nacional de Prefeitos. Não é um pedido de perdão, de esquecimento, é um novo indexador, fruto de entendimento entre as diferentes correntes ideológicas e partidárias”, declarou o prefeito de Campinas, Jonas Donizette.

O Senado Federal aprovou o Projeto de Lei Complementar 99/2013 na última quarta-feira (5), por unanimidade. O texto muda o atual indexador da dívida dos estados e municípios, o Índice Geral de Preços - Disponibilidade Interna (IGP-DI), pelo Índice Nacional de Preços ao Consumidor Amplo (IPCA). Reduz também os juros, que atualmente ficam entre 6% e 9% ao ano, para 4% ao ano.

O projeto também cria um limitador dos encargos, que é a taxa básica de juros (Selic). Assim, quando a fórmula do Índice de Preços ao Consumidor Amplo (IPCA), acrescida de 4% ao ano, for maior que a variação acumulada da taxa Selic, a taxa básica de juros é que será o indexador.

José Fortunati, prefeito de Porto Alegre (RS) e presidente da FNP , disse que a Frente acompanhou o andamento do projeto no Congresso Nacional. Os prefeitos fizeram uma moção de apoio para a sanção da medida. “Na nossa convicção, o que foi aprovado responde de forma adequada aos anseios dos municípios”, declarou.

Na presença de Michel Temer, Fortunati trouxe também outras reivindicações, como a participação da União no custeio da manutenção das creches. “Não basta a construção de creches. Defendemos o financiamento da manutenção destes equipamentos públicos, que são fundamentais”.
 

 Fontes",1.0,1,"The text is about economy, specifically a project related to municipal finances and indexation, which falls outside the Politics section.",False
wikinews,random,50,42,"A juíza do Supremo Tribunal de Justiça da Venezuela Gladys Gutiérrez apresentou na semana passada as suas credenciais como embaixadora do governo de Nicolás Maduro na Espanha. Gladys Gutiérrez, que entregou as suas credenciais ao Rei de Espanha como diplomata do chavismo, recebeu 3 licenças do Poder Judiciário. ONGs alertam para a ilegalidade de seu duplo cargo e alertam para a falta de independência dos poderes públicos. 

As funções da magistrada como Embaixadora na Espanha, sem se separar de seu cargo no TSJ da Venezuela, são parte de uma prática de ""duvidosa constitucionalidade"" que envia um ""mau sinal"" quanto à separação dos poderes públicos no país, segundo especialistas consultados.

Seu exercício como diplomata sem renunciar a sua magistratura "" vai contra ""o artigo 148 da Constituição da Venezuela, que aponta que ninguém poderá desempenhar mais de"" um destino público remunerado "" ao mesmo tempo, a menos que guarde relação com cargos académicos.

Se você aceitar outro cargo, renunciará automaticamente ao primeiro, de acordo com a norma.

Gutiérrez foi ex-presidente do máximo organismo judicial e integrante de sua Sala Constitucional. A jurista já havia sido representante diplomática do governo do ex-presidente Hugo Chávez Frías na Espanha, entre 2002 e 2005. Depois, também com os auspícios do Executivo, atuou como procuradora da nação entre 2006 e 2011.

Gutiérrez também exerceu outros cargos próximos ao poder político venezuelano antes de ser nomeada magistrada. Em 2010 foi cônsul geral em Madrid. Foi ministra conselheira da embaixada de Espanha e foi diretora do escritório de secretaria do Conselho de ministros da Venezuela.

Em 1999, foi postulada pelo partido governista Movimento Quinta República à governança do estado oriental de Nova Esparta, onde não teve sucesso.

Com sua designação como embaixadora, que conta com a aprovação de Maduro e da fração chavista da Assembleia Nacional, ""é a terceira vez"" que o TSJ lhe permite exercer ""outro cargo remunerado"" sem perder a sua condição de magistrada, segundo a transparência, uma ONG de origem internacional dedicada a promover práticas anticorrupção.

""Não teve que renunciar a sua posição na Sala Constitucional para assumir como Embaixadora de Venezuela na Espanha, porque a Sala Plena do TSJ lhe concedeu uma nova permissão para desempenhar as suas funções diplomáticas"", apontou um porta-voz da organização.

Uma prática de constitucionalidade duvidosa

A permissão a Gutiérrez ""não é algo novo"" no TSJ Venezuelano, mas se trata de ""uma prática de duvidosa da constitucionalidade"", segundo a associação civil venezuelana acesso à justiça.

Gutiérrez e outros três magistrados venezuelanos receberam licenças semelhantes na última década. A atual embaixadora de Espanha recebeu uma permissão em condições iguais em 2020, quando foi designada como reitora do Conselho Nacional Eleitoral que realizou as eleições parlamentares onde a oposição não participou por suposta fraude.

Meses depois daquela votação, em dezembro de 2020, foi designada pelo presidente Maduro como sua embaixadora perante o Tribunal Penal Internacional nas vésperas do início de uma investigação de sua promotoria por possíveis crimes contra a humanidade na Venezuela.

O acesso à justiça lembrou em seu relatório sobre o caso de Gutiérrez que as licenças a magistrados para se separarem do cargo podem ser obtidas por motivo de doença, desempenho de outra missão oficial compatível com o cargo ""ou outra causa que a Sala plena considere justificada"", desde que sejam de natureza docente e não em tempo integral.

Em suma, insistiu a ONG, os novos ofícios diplomáticos de Gutiérrez são ""um mau sinal"" e ""outra prova"" da falta de independência do Poder Judiciário perante o governo.

O artigo 256 da Lei Orgânica do TSJ Venezuelano proíbe aos magistrados, juízes e defensores públicos ""levar a cabo ativismo político partidário, sindical, sindical ou índole semelhante"", nem exercer outra função pública que não esteja vinculada à educação. Essa norma, reza a lei, busca ""garantir a imparcialidade e a independência"" de seus ofícios.

""Exercer cargos para o poder executivo não parece ser desempenho de missão oficial compatível com o cargo, que é uma das causas estabelecidas na lei para outorgar permissões a magistrados, pois não garante sua independência"", insistiu o acesso à justiça.

Casos como o de Gutiérrez demonstram que os magistrados do Tribunal Supremo de Justiça ""não têm nenhum tipo de problema em representar os interesses daquele que deveriam controlar"", ou seja, o poder executivo, apontou seu relatório.

Segundo uma nota de imprensa da Assembleia Nacional, de maioria chavista, o plano de trabalho na Espanha apresentado por Gutiérrez ao parlamento estará dirigido a ""apoiar"" o processo eleitoral presidencial de 28 de julho e a defender ""a soberania"" da Venezuela sobre o Essequibo, um ponto de honra das estratégias políticas e diplomáticas do chavismo desde o ano passado.

O acesso à justiça avaliou que as leis acabam sendo "" letra morta ""com casos de magistrados que desempenham dois cargos remunerados ao mesmo tempo e"" incompatíveis ""com sua missão jurídica, apesar de estarem expressamente proibidos, exercendo-os""sem nenhum tipo de consequências"".

A organização civil também ressaltou que o TSJ já acumula três vagas de seus magistrados, entre faltas absolutas e temporárias, sem informar delas ""de maneira transparente. ""As recentes medidas para reinstitucionalizar o Estado fracassaram"", concluiu em seu relatório sobre o caso de Gutiérrez.

 Fonte",1.0,1,"The text is about international diplomacy and politics, not about Portuguese WikiNews articles from the Politics section.",False
wikinews,random,50,42,"O governo da Dinamarca, atualmente liderado pela primeira-ministra Mette Frederiksen, quer abrir novos 20 hospitais em todo país. Além disto, de 5 a 10 novos serviços de emergência e a contratação de médicos clínicos gerais também estão contemplados no programa ""Mais Perto II"" (Tættere på II), com o objetivo de que todos tenham acesso a serviços de saúde de qualidade nas cidades onde moram. 

O programa também prevê a criação de novas escolas profissionalizantes. ""Hoje, existem muitas cidades de médio porte que não têm nenhum ou apenas oferecem um tipo de educação para os jovens quando eles deixam a escola primária. O governo mudará isso, oferecendo 18 cursos diferentes de educação profissionalizante. O governo quer que todos os jovens tenham um bom começo na vida adulta e mais oportunidades educacionais devem ser um trampolim para isso"", diz a nota divulgada no portal. 

Além disto, também foi anunciado um investimento de 100 milhões de coroas dinamarquesas (~15,6 milhões de dólares) para a melhoria da Internet em áreas rurais. 

 Fontes",1.0,1,"The text discusses health-related initiatives, which is outside the Politics section.",False
wikinews,random,50,42,"thumb|220px|left|Angola.

O Angola Fala Só desta Sexta-feira, 31, convida Francisco Falua, Secretário Nacional da UNITA para a mobilização geral. Cinturão negro de karaté, Francisco Falua foi também secretário da UNITA em Luanda e secretário provincial no Kwanza Norte e é oficial do exército na reserva.

Ser patriota é duvidar, é criticar e contribuir para a preservação dos grandes ganhos do país, disse o Secretário Nacional da União Nacional para a Independência Total de Angola (UNITA) pra a Mobilização Geral, Francisco Falua.

Falua falava no programa “Angola Fala Só” em que frisou a necessidade de se garantir eleições livres em 2017 e em que também defendeu a necessidade da tolerância e do respeito pelos direitos garantidos na constituição.

“Ser patriota é reconhecer os feitos de outros patriotas”, disse Falua que acusou o partido governamental Movimento Popular de Libertação de Angola (MPLA) de não admitir que “patriotas reconheçam o que está mal”.

Este dirigente da UNITA disse que no passado foi este tipo de intolerância que levou á guerra acusando as autoridades de seguirem uma política de “exclusão e repressão” e avisou que a contínua repressão de manifestações poderá resultar em “manifestações violentas”.

Interrogado sobre a actual situação da UNITA, o Secretário para a Mobilização deste partido afirmou que o seu partido “está em crescimento generalizado” particularmente na capital e “nas províncias do centro e sul”.

“A UNITA está a trabalhar arduamente para vencer as eleições de 2017”, disse Falua que frisou no próximo congresso da UNITA no final este ano haverá pela primeira vez a participação da sociedade civil fornecendo as suas ideias para “o desenvolvimento da UNITA e do país”.

O responsável pela mobiliação deste partido disse não poder afirmar se Isaías Samakuva continuará ou não na presidência do partido pois as candidaturas só serão conhecidas em Novembro. Até agora houve apenas uma anunciada candidatura, a de Abílio Kamalata Numa.

Em resposta a uma pergunta, Francisco Falua disse que os estatutos da UNITA não permitem que haja um candidato á presidência do país, diferente do presidente do partido.

O presidente do partido será assim o candidato da UNITA à presidência caso os actuais estatutos se mantenham, disse.

Falua manifestou preocupação pelo “esvaziar das competências da Comissão Nacional de Eleições a favor do executivo” mas manifestou optimismo que em 2017, “o povo estará ali para minimizar qualquer fraude”.

Interrogado sobre as prisões de 15 activistas e a repressão de uma manifestação de protesto na Quarta-feira, Falua recordou que o direito à manifestação e reunião estão garantidos pela constituição, e que “a polícia deveria ser o garante o direitos propalados pela constituição”.

O dirigente da UNITA disse que uma manifestação de apoiantes do MPLA não tinha sido impedida pelas autoridades.

“Não sabemos quem é o garante da lei”, afirmou.

“Neste país parece haver uma única força autorizada a manifestar-se onde, como e como bem quer”, acrescentou.

Um ouvinte quis saber porque a UNITA e a oposição em geral não iniciam processos em tribunal contra o Presidente Eduardo dos Santos por violação da constituição, ao que Francisco Falua respondeu que a UNITA tem processos contra o governo que “estão adormecidos” nos tribunais.

Por outro lado os tribunais já tinham afirmando não ter competência para julgar o presidente.

“Não há separação dos poderes em Angola”, disse Falua
 Biografia 
Nome: Francisco Fernandes Falua

Data de Nascimento: 2 Dezembro 1968

Local de Nascimento: Município do Rangel - Luanda

Estado civil: Solteiro

Filhos: 6

Profissão: Secretário Nacional da UNITA para a mobilização geral

Formação: Técnico médio de Educação Física e Desportos pelo Instituto de Educação Física e Desportos de Luanda; Técnico Prisional pela Escola Naconal dos Serviços Prisionais de Angola; Estudante finalista de Psicologia pelo ISCAE; Oficial do exército na reserva

Destino em Angola: Golungo Alto no Kwanza Norte - por ser a terra dos pais

Lema de vida: ""Não valer pelo que sou mas pelo que faço""

Curiosidades: Não é supersticioso, conversa consigo mesmo; é cinturão negro de karaté.

Hobbies: Desporto

A ler: ""O monge e o executivo"" de James Hunter - explica como se tornar um líder servidor

Música: Semba. Gosta de Paulo Flores na generalidade mas destaca a música ""Makalakato""

Distinções: Medalha provincial de Karaté

Detenções: A primeira foi em 1991, na Lunda Norte, por ter sido conotado com a UNITA; a segunda foi em 1999 na Zâmbia porque estava a fazer contactos para angariar géneros e medicamentos para as populações em territórios dominados pela UNITA; a terceira foi em 2006, no Kwanza Norte, aquando do atentado a Isaías Samakuva, presidente da UNITA, em Camabatel, no Kwanza Norte.

Onde estava 11 de Novembro de 1975?
Em Luanda, no Rangel, a sensivelmente 500 metros da base principal da FNLA. Na altura vivíamos um momento eufórico. Havia um sentimento de satisfação. Havia festas, saques a estabelecimenentos comerciais, disparos com armas de fogo mas festivos.

 Fonte",1.0,1,"The text is about politics, but the anomaly score is 1.0 because it discusses the UNITA party and its activities, which is within the Politics section, not an anomaly according to the given criterion.",False
wikinews,random,50,42,"Cristiano Paz que é sócio do empresário Marcos Valério — suspeito de ser operador do susposto mensalão —  prestou depoimento na quarta-feira (10) na reunião conjunta das Comissões Parlamentares Mistas de Inquérito dos Correios e do Mensalão. 

Cristiano Paz disse que cuidava apenas da parte criativa da empresa de Valério (a SMPB) e que não participava da administração. Logo, segundo a sua versão, ele desconhecia a maior parte das atividades do sócio Valério, inclusive as negociações dele com partidos políticos.

Sobre muitos assuntos, Paz repetiu basicamente a última versão apresentada por Marcos Valério durante a reunião da CPI dos Correios na terça-feira (9).  Paz, confirmou  ter realizado duas reuniões com o então Ministro da Casa Civil, Deputado José Dirceu  (PT-SP), e com diretores dos bancos BMG e Rural.

Cristiano Paz afirmou que desde o início de 2004 está desligado da sociedade com as empresas de Marcos Valério: a  MG5, DNA, a Multi Action e  Grafiti, todas elas envolvidas nas investigações do ""mensalão"".

Ele disse que a única coisa que sabia sobre os empréstimos que seu sócio fez ao Partido dos Trabalhadores (PT) era que o partido era o beneficiário.  Ele alegou  não ter  conhecimento de detalhes sobre as pessoas que sacaram os recursos.
O sócio de Marcos Valério disse ainda não haver irregularidades nos contratos da SMPB com o governo federal e outros órgãos públicos.

Os parlamentares das comissões mostraram-se insatisfeitos com o depoimento de Cristiano Paz. O deputado José Rocha (PFL-BA) disse: Fica difícil para nós chegarmos a resultados importantes nessas inquirições porque existe uma estratégia montada.

Páginas externas
 CPMIs dos Correios e do Mensalão - sessão conjunta  Radio Senado  10 de agosto de 2005

 Fontes",0.0,0,"The text is about politics, specifically the mensalão scandal, which falls under the Politics section.",False
wikinews,random,50,42,"La Paz () - O assessor para Assuntos Internacionais da , , rechaçou a comparação da vitória da oposição no Chile com a mesma possibilidade nas eleições brasileiras, em outubro. À Agência Brasil, Garcia afirmou que a comparação é “esdrúxula e sem sentido”.

Segundo Garcia, o cenário político e a coalizão de forças partidárias no  são complemente diferentes dos fatores que influenciaram a disputa presidencial no país vizinho. “É uma comparação que não tem sentido algum, é esdrúxula e sem sentido. O que houve no Chile foi uma junção de fatores. Um deles é que houve três candidatos de esquerda disputando as eleições”, disse ele, que passou dois dias na Bolívia para representar o governo na posse do presidente reeleito, .

Garcia se referiu aos candidatos  (), que acabou derrotado no segundo turno, o independente  e  - estes últimos não passaram do primeiro turno, em dezembro. Frei foi vencido pelo candidato de ,  (Alianza), no último domingo (17), na eleição mais disputada da história política do Chile.

Piñeira venceu com 51,6% contra 48,3% dados ao candidato governista e ex-presidente Frei, que contava com o apoio de . Como o presidente , Bachelet tem a aprovação popular acima de 80%. Porém, não conseguiu fazer seu sucessor no Palácio de Governo.

Para o presidente eleito do Chile, governantes com elevada popularidade não transferem votos necessariamente. “É certo que a presidente Michelle Bachelet é muito popular e o presidente Lula também. Quando estive com o presidente Lula [no final do ano passado] conversamos sobre isso. Não se pode confundir um presidente com elevada popularidade com a necessidade de mudança [almejada pelo eleitorado]”, disse Piñera, um dia depois da sua vitória.

Cauteloso, Piñera evitou comentar sobre política interna brasileira. Mas disse conhecer bem os candidatos de oposição que deverão disputar as eleições em outubro. “Conheço os dois candidatos da oposição no Brasil especialmente o Serra [governador de São Paulo, , do ] e tenho respeito por ambos. Não quero interferir na política interna do Brasil”, disse ele. “Ao que eu saiba a oposição no Brasil ainda não escolheu seu candidato. Mas a oposição no Brasil terá de tomar seu caminho”, afirmou Piñera.

No primeiro turno das eleições chilenas, em dezembro, o comando nacional do DEM enviou um grupo de políticos a Santiago para que acompanhasse as eleições que eram lideradas por Piñera. No entanto, Garcia afirmou que é necessário avaliar que no Chile além de ocorrer uma divisão na coalizão da esquerda (Concertación), outros fatores internos da política do país vizinho também influenciaram na vitória da oposição.

Analistas políticos afirmam que os outros fatores que contribuíram para a vitória da oposição no Chile são: o desgaste de 20 anos da esquerda no poder, a falta de renovação das forças de centro-esquerda e o discurso de Piñera consolidado na necessidade de mudança e transformação.

 Fontes",1.0,1,"The text is about politics in Chile and Brazil, which does not match the Politics (Política) section criterion.",False
wikinews,random,50,42,"Após uma semana sem envio de gás  nos países da , o português , presidente da  ameaçou na última quarta-feira dia 14, com ações judiciais contra o governo ucraniano, que foi atribuída a situação real como consequência do desacordo de preços entre Rússia e Ucrânia.

O anuncio foi feito depois que o Grupo Empresarial Russo  acusara a Ucrânia de impedir o seu normal abastecimento pelo menos uns dos 18 países em plena temporada de inverno. O presidente do grupo coitado informou o roubo do lado ucraniano de al menos 140 milhões de metros cúbicos destinados um dos países balcânicos.

Por sua parte, Ucrânia afirma que apresenta dificuldades técnicas uma vez que ainda não se registra uma pressão suficiente para o Ministro do Hidrocarbonetos e que estão dispostos um anular-lo em forma imediata enquanto este chegue nas condições requeridas lado do russo, de acordo com as declarações da primeira-ministra .

 Fontes 
 
 
 

es:Europa demandará a Ucrania por crisis del gas",0.85,1,"The text discusses a gas crisis and involves politics, specifically mentioning the president of a company and government actions, which fits the Politics section context.",False
wikinews,random,50,42,"O Tribunal Penal Internacional (TPI) com sede em  (capital da Holanda), considerou o congolês  (de 51 anos) culpado pelo recrutamento e envio de crianças como soldados durante a Guerra Civil da República Democrática do Congo (RDC), de 1998 até 2003. Estima-se que 60 mil pessoas foram mortas.

A decisão foi unânime, pois os três juízes do TPI deram como suficientes as provas apresentadas para responsabilizarem Lubanga (ex-líder da ) pelo recrutamento de crianças nas ruas, escolas e nas suas próprias casas para servirem como soldados na frente de combate.

Lubanga, que vestia uma túnica branca tradicional africano e boné, sentou-se calmamente na sala do tribunal enquanto a sentença foi lida:

Enquanto o juiz Fulford lia a sentença, Lubanga não demonstrou qualquer emoção e, ao levantar-se para sair da sala, acenou e sorriu para as pessoas que estavam na aduciência.

A atriz americana e embaixadora da boa-vontade da ONU, , que se encontrava na sala, afirmou que o veredito se trata de uma vitória para a causa das crianças-soldado: “Este é o dia em que essas crianças vão sentir que não há impunidade para o que lhes aconteceu»”, acescentou.

Lubanga foi detido em 2006 e foi extraditado, onde enfrentou três acusações de crimes de guerra, mas começou só ser julgado em Janeiro de 2009. Desde então ele declarou inocente dos crimes de guerra e todas as acusações. Ele pode pegar até prisão perpétua, embora a sentença não será aprovada imediatamente. Um recurso pode ser apresentado no prazo de 30 dias.

 Histórico 
É a primeira decisão do TPI após uma década de trabalho em grande parte limitado à África, até então, julgava todos os crimes em guerras após a divisão da antiga Iugoslávia (1991-1999), na Europa. Enquanto isso, casos também importantes do Oriente Médio e da Ásia permanecem fora de seu alcance.

Uma condenação pode ajudar a dar um impulso a outros casos importantes, como o ex-presidente da Costa do Marfim, , acusado individualmente de crimes contra a humanidade, como assassinatos, estupros e outras formas de violência sexual e perseguição.

 Caso Síria 
Desde o ano passado, quando houve início dos protestos que resultaram em queda dos regimes ditadoriais em Países Árabes, chamado de Primavera Árabe, governos estrangeiros, grupos de direitos humanos e ex-integrantes do governo que passaram que mudaram de lado, fizeram acusações de crimes de guerra contra o presidente sírio, , que lidera repressão sangrenta às manifestações pró-democracia em seu país, que nessa semana completa um ano.

No entanto, o TPI é incapaz de agir porque a Síria não é signatária e o Conselho de Segurança da Organização das Nações Unidas não teria como concordar com um encaminhamento da ação, pois os países com poder de veto, China e Rússia não quiseram ação como levou a Líbia, por interesses obscuros velados (petróleo, gás, diplomacia, por ser país estratégico no oeste do Mediterrâneo).

No caso da Líbia, após início de protestos de Janeiro, inspirados antes e depois das quedas dos ditadores da Tunísia e Egito, o ditador Kadafi ordenou a mais mais violenta repressão contra manifestantes, provocando a guerra civil em Fevereiro, encerrada em Outubro com captura e morte do ditador e a intervenção dos aviões da OTAN, autorizada pela ONU, a favor dos desertores do governo e rebeldes líbios.

Enquanto durava a guerra civil, a INTERPOL e a TPI pediram prisão internacional de Kadafi e integrantes do governo líbio por crimes contra humanidade, pois antes da guerra civil, milhares de pessoas foram brutalmente mortas em dezeas cidades líbias por protestar pacificamente contra o regime.

 Fontes",0.85,1,"The text discusses international criminal cases and the work of the International Criminal Court, which does not fit the Politics (Política) section criteria.",False
wikinews,random,50,42,"A  foi aplicada ontem (27) pela primeira vez, barrando a candidatura de  (PMDB-PA), segundo mais votado para representar o  no  em decisão do . Depois de uma discussão marcada por vários momentos de tensão e desentendimentos entre ministros, venceu a tese proposta pelo  , por 7 votos a 3. Ele sugeriu a interpretação, por analogia, de um artigo do Regimento Interno do STF quando há empate, prevalece a decisão questionada – no caso, a do  (TSE), que negou o registro de Barbalho.

A discussão sobre os possíveis desfechos para o novo empate de 5 a 5 obtido hoje sobre a aplicação da lei começou assim que o presidente da Corte, , votou a favor do registro de Barbalho. Em primeiro lugar, os ministros discutiram se o resultado deveria ser dado hoje ou se a Corte esperaria a chegada do décimo primeiro ministro (integrante que substituirá , aposentado recentemente). Neste caso, o placar foi de 6 a 4, pois o ministro Celso de Mello, um dos que votaram contra a lei, afirmou que o julgamento deveria ser concluído hoje.

“Na ocasião do julgamento do recurso de  (ex-candidato ao governo do Distrito Federal e que também teve a candidatura rejeita pelo  - TSE), sugeriu-se esperar para que pudéssemos refletir mais sobre uma alternativa, e é o que tenho feito desde então”, disse Celso de Mello. Em seguida, ele listou diversas possibilidades para o desfecho do caso, citando e descartando as hipóteses da espera do décimo primeiro ministro, do voto de minerva do ministro Cezar Peluso e da possibilidade de convocar um ministro do  (STJ).

Por fim, Mello sugeriu a tese vencedora acompanhada pelos ministros , , , ,  e : a aplicação da lei nestas eleições. A solução foi adaptada do Inciso 2º do parágrafo único do Artigo 205 do Regimento Interno do STF, que diz que, no caso de empate em votação contra ato do presidente da Corte (em que ele não vota), “prevalecerá o ato impugnado”, ou seja, a decisão do TSE.

“Com isso, sem o prejuízo da convicção de cada qual, agora é superação da questão do mérito para solucionarmos o impasse”, disse Mello. Em seu voto, o ministro Cezar Peluso deixou claro que estava submetendo sua decisão à maioria em nome da “instituição STF” e que, para ele, prevaleceu o “princípio da necessidade”. “A história nos dirá se acertamos ou não”, disse Peluso.

Vencida a hipótese de esperar um novo ministro, os ministros  e  defenderam a possibilidade do voto de qualidade de Peluso. Segundo Toffoli, a solução proposta por Celso de Mello “ao invés de privilegiar o presidente da Corte (STF), privilegia outro (TSE)”. Mendes também propôs a regra de desempate do , que é sempre favorável a quem diz que seu direito está sendo violado. Gritando e gesticulando muito, Mendes chegou a chamar a Lei da Ficha Limpa de ""barbárie da barbárie"" e dizer que a legislação criou regras ""que gravitam em torno do nazifascismo"". Ao final de seu voto, o ministro Ayres Britto pediu a palavra, dizendo que queria ""dizer que discorda em gênero número e grau de praticamente todo o raciocínio jurídico do ministro Gilmar Mendes"".

Os ministros reconheceram, no julgamento do então candidato Joaquim Roriz, a repercussão geral da decisão. Isso significa que ela se aplicaria a outros casos semelhantes, como o de Barbalho, que, como Roriz, renunciou o mandato para escapar de possível cassação.

No julgamento de ontem, os ministros não apresentaram um posicionamento claro sobre a questão da repercussão geral. Até o fim do julgamento, havia três hipóteses de abrangência da lei: apenas no caso de Barbalho, em todos os casos de renúncia para escapar de cassação, ou em todos os casos de atingidos pela Lei da Ficha Limpa. Por fim, decidiu-se que a aplicação desta decisão seria válida apenas para os casos de renúncia ao mandato.

Um dos temas abordados pelos ministros da minoria vencida é a situação que pode se criar com o enquadramento de Barbalho e posterior mudança de posicionamento da Corte com a chegada do décimo primeiro ministro. Eles citaram o caso do próprio Pará, onde o terceiro candidato mais votado para o Senado,  (PT-PA), seria inelegível pelo mesmo motivo de Barbalho. “Poderia se criar a aberração de o terceiro mais votado ser elegível com decisão da Corte completa”, ressaltou Gilmar Mendes.

 Fontes",0.0,0,"The text is about a political decision in the Brazilian Supreme Court, thus it is a normal sample.",False
wikinews,random,50,42,"No aniversário de 30 anos da , a procuradora-geral da República, , destacou hoje (5) a importância da Carta de 1988 para garantir a independência do  no desempenho de suas funções, em especial a busca pela garantia da dignidade humana.

“É uma Constituição que coloca a defesa de direitos humanos na centralidade de todas as suas s. Normas que criaram instituições fortes, dentre elas o Ministério Público”, afirmou Raquel Dodge durante evento na sede da , em .

A procuradora-geral da República acrescentou que “o Ministério Público criado pela  é independente, e seus membros têm garantias, não só para si próprios, mas para que possamos defender as normas de nossa Constituição, como a dignidade humana, a liberdade, a ”.

A  destacou que o Ministério Público, assim como o  (), é guardião da Constituição. Para simbolizar esse dever, ela apresentou uma cópia do texto original da Carta de 1988, produzida pela , e que será mantida na sede do .

Novo Ministério Público
Presente à solenidade, o presidente do STF, ministro , afirmou que o “novo Ministério Público” é a instituição que “mais tem a comemorar” com os 30 anos da Constituição.

“Adiantaria nada daquilo que está no texto constitucional se não houvesse esta instituição”, disse Toffoli. Ele destacou a importância do papel ativo do Ministério Público em denunciar o descumprimento de normas constitucionais.

“Não adiantava colocar direitos e garantias no texto da Constituição, na norma constitucional, se não tivesse alguém para, não havendo sua efetividade, não havendo seu cumprimento, levar isso ao , pois o Poder Judiciário não age de ofício”, disse.

Fonte",1.0,1,"The text is about the Ministry of Public Prosecutor's 30th anniversary and the Constitution, which does not match the Politics section.",False
wikinews,random,50,42,"A senadora pelo Estado do ,  anunciou hoje o seu desligamento do  (PT), na . Segundo a ex-ministra do Meio Ambiente, isso não significa um rompimento com o partido, ao qual foi filiada por quase 30 anos.

Ela diz que, a partir de agora, se sente livre para conduzir as conversas de filiação com o  (PV). Neste momento, segundo a parlamentar, ela faz uma “revisão programática” para adoção de um modelo sustentável como o do PV. O PV já anunciou em outro momento que gostaria de tê-la como candidata às eleições de 2010.

O desligamento dos quadros do PT, partido que ajudou a fundar no Acre e onde construiu uma carreira política de 30 anos, é apenas o início do processo de migração para o Partido Verde (PV), segundo a senadora Marina Silva. Ela agora inicia as conversas com o PV para dar andamento à revisão do programa do partido.

Na entrevista coletiva convocada para oficializar seu desligamento do PT, a ex-ministra do Meio Ambiente deixou claro que a construção de uma candidatura presidencial se dará em etapas. Sem partido, a senadora disse que “se sente livre” para discutir a revisão programática pretendida pelos verdes que defendem um modelo de crescimento da economia compatível com a preservação ambiental.

A senadora esquivou-se de falar, neste momento, sobre a possibilidade de ser candidata à Presidência da República em 2010. Ela acrescentou que sua ida para o Partido Verde não foi condicionada a qualquer decisão do partido em afastar dos quadros filiados que não tenham compromisso com a questão ambiental.

“A discussão do convite [feito pelo PV] se deu a partir do movimento do partido de se reavaliar. O movimento veio de dentro do próprio PV”, afirmou a ex-petista.

Marina Silva rebateu declarações feitas por políticos de vários partidos e até mesmo analistas de que sua campanha seria “monotemática” ao tratar prioritariamente de um novo modelo de crescimento para o país vinculando-o à preservação ambiental. Na opinião da senadora este é um raciocínio simplista que pode ser comparável à discussão, há 30 anos, de um modelo social como o que foi implantado no país.

“O Brasil, há 30 anos, talvez não estivesse preparado para ter um programa social como o que temos hoje. No contexto atual das crises econômica e ambiental não será preciso 30 anos para modificar o atual modelo [de desenvolvimento].""

A senadora destacou, por exemplo, que o Brasil tem uma matriz energética de 45% de geração por meio de energia limpa que pode chegar a 65% com a construção de usinas hidrelétricas na Amazônia. Ela considera isso perfeitamente possível desde que essas usinas não comprometam a qualidade de vida na região e a preservação da floresta.

Ela também criticou a iniciativa do Congresso de tentar alterar todo o Código Florestal em vigor. De acordo com a ex-ministra, o que os deputados e senadores fazem, neste momento, “é descartar todo um trabalho construídos pelos constituintes [em 1988]”. Ela citou, por exemplo, iniciativas de flexibilização dos crimes ambientais e mudanças das regras para a criação de unidades de conservação ambiental.

Marina Silva, por mais de uma vez durante a entrevista coletiva, destacou que o modelo de desenvolvimento autossustentável proposto não será efetivado por vontade exclusiva do Partido Verde. “A questão ambiental não se resume a um partido. Esse tem que ser um trabalho de todos os partidos e da sociedade.”

Ao deixar o PT, Marina Silva esclareceu dois pontos: não encerrará uma parceria construída com seus colegas de partido ao longo de 30 anos e tampouco incentivará correligionários a seguirem o mesmo caminho que resolveu adotar.

Ela também evitou qualquer confronto com a ministra-chefe da Casa Civil, Dilma Rousseff, eventual candidata do PT à sucessão do presidente Lula e com quem teve divergências administrativas quando ocupou a pasta do Meio Ambiente.

""Não me colocarei como vítima da ministra Dilma. Ela tem os pontos de vista dela e eu tenho os meus [sobre o modelo de crescimento econômico] e ambos são legítimos”, disse Marina Silva.

 Fontes",0.8,1,"The text discusses a political figure's party switch, which is within the Politics section context.",False
wikinews,random,50,42,"As polêmicas envolvendo o presidente Jair Bolsonaro e o general e ministro da Saúde [sem formação na área]  no gerenciamento da pandemia de  no Brasil não param e a mais recente diz respeito ao manifesto de ao menos 36 cientistas citados no recém-divulgado Plano Nacional de Imunização Contra a Covid-19 que vieram a público para dizer que não haviam dado aval no documento final. Alguns também disseram que nem sequer chegaram a ler o plano final. 

""Nós, pesquisadores que estamos assessorando o governo no Plano Nacional de Vacinação da Covid-19, acabamos de saber pela imprensa que o governo enviou um plano, no qual constam nossos nomes e nós não vimos o documento. Algo que nos meus 25 anos de pesquisadora nunca tinha vivido!"", escreveu Ethel Maciel, que é Professora da Universidade Federal do Espírito Santo, enfermeira, epidemiologista e pesquisadora do CNPq, em seu Twitter. 

Após a nova polêmica, o Ministério da Saúde emitiu uma nota ontem (13/12) onde explicou que os técnicos citados no plano foram convidados a participar, mas ""sem qualquer poder de decisão"".

Relembre algumas das polêmicas de Bolsonaro e Pazuello na Saúde
 em maio, poucos dias após a posse de Pazuello, o ""protocolo da cloroquina"" é aprovado e o medicamento passa a ser enviado aos postos de saúde de todo Brasil sem ter efeito comprovado na cura da Covid; 
 duas semanas após a posse do ministro, o Painel Covid do SUS, com todos os dados da pandemia, é tirado do ar para evitar a divulgação dos dados negativos da pandemia no país, que então assumia o 3º lugar no ranking geral de contaminados e óbitos da ;
 em outubro, Pazulello endossa a compra da vacina chinesa CorovaVac pelo governador João Dória de São Paulo [desafeto político de Bolsonaro], mas um dia depois Bolsonaro ""desautoriza"" Pazuello, que é obrigado a, praticamente, se retratar. Num encontro posterior, Pazuello diz: ""um manda e o outro obedece"".

  Notícias Relacionadas 
 COVID-19: no Brasil, Ministério da Saúde recomenda uso da cloroquina, mas avisa que ""não existem evidências para a indicação da terapia""
 COVID-19: governo brasileiro cria estratégias para evitar a divulgação de dados negativos
 COVID-19: Bolsonaro nega compra de vacina da China

 Fontes 
 Pesquisadores citados em plano de vacinação dizem não ter dado aval, Twitter - Destaques, 14 de setembro de 2020. 
 Nós, pesquisadores que estamos assessorando o governo no Plano Nacional de Vacinação da Covid-19, Ethel Maciel, 12 de dezembro de 2020. 
 Pesquisadores que assessoraram Ministério da Saúde dizem não ter sido consultados antes de envio de plano de vacinação ao STF, G1, 12 de dezembro de 2020.",1.0,1,"The text discusses health-related topics and mentions the Ministry of Health, which is outside the Politics section.",False
wikinews,random,50,42,"Sete candidatos presidenciais republicanos dos EUA estão debatendo novamente na noite de quarta-feira, cada um tentando se tornar o principal desafiante do ex-presidente Donald Trump, que detém a liderança na indicação presidencial do partido em 2024.

Trump está faltando o debate patrocinado pelo partido, tal como fez no evento do mês passado. Enquanto os seus oponentes debatem na Biblioteca Presidencial Ronald Reagan, na Califórnia, Trump organiza um comício político no Michigan, um estado do Centro-Oeste onde os trabalhadores do setor automóvel estão em greve contra os três maiores fabricantes de automóveis do país.

Pesquisas nacionais compiladas pela RealClearPolitics mostram que Trump tem 56% de apoio entre os eleitores republicanos para a nomeação e uma vantagem de 42 pontos percentuais sobre seu adversário mais próximo, o governador da Flórida Ron DeSantis.

Os outros seis republicanos no palco do debate são a ex-governadora da Carolina do Sul Nikki Haley, o empresário Vivek Ramaswamy, o ex-vice-presidente Mike Pence, o senador da Carolina do Sul Tim Scott, o ex-governador de Nova Jersey Chris Christie e o governador da Dakota do Norte, Doug Burgum.

Após o primeiro debate, as pesquisas nacionais mostraram que o ex-presidente realmente ampliou sua vantagem sobre seus oponentes, mesmo enquanto enfrenta acusações.

Entre os debatedores, apenas Christie atacou claramente Trump pelas acusações criminais que enfrenta. O ex-governador do Arkansas Asa Hutchinson, outro candidato republicano que atacou Trump e disse que ele deveria desistir da disputa pela indicação presidencial, não cumpriu os critérios estabelecidos pelo Comitê Nacional Republicano para estar no palco do debate de quarta-feira.

Os requisitos incluem ter pelo menos 3% de apoio em duas pesquisas de opinião, ou 3% em uma pesquisa nacional e duas estaduais nos estados de Iowa, New Hampshire, Nevada e Carolina do Sul.

Os candidatos também precisam ter pelo menos 50 mil doadores financeiros únicos e assinar um compromisso afirmando que apoiarão a pessoa que surgir como candidato republicano.

Fontes",1.0,1,"The text discusses a political debate, which is within the Politics section and thus not anomalous according to the given criterion.",False
wikinews,random,50,42,"A  (UE) anunciou hoje (7) a disposição de liberar 1 bilhão de euros para apoio à agricultura nos países em desenvolvimento. A iniciativa tem por objetivo aumentar rapidamente a produção mundial de alimentos, informou o presidente da Comissão Européia, , neste primeiro dia da reunião do , em , no . A UE não integra o grupo dos sete países mais industrializados do mundo mais a Rússia, mas participa das cúpulas como convidada.

“A União Européia está pronta a dar um novo estímulo à agricultura nos países em desenvolvimento”, disse Barroso, lembrando que ao bloco já havia destinado 550 milhões de euros para investimentos em 2008 no setor. “Medidas adicionais são necessárias”, frisou.

Os europeus temem que a crise de alimentos ponha em risco as metas de desenvolvimento do milênio. Também estão preocupados com a disparada no preço do petróleo, que bateu os US$ 140 o barril. Segundo Durão Barroso, a UE pretende debater, com os líderes do G8, medidas de curto, médio e longo prazo para a alta dos combustíveis. “Temos que encontrar soluções estruturais para problemas estruturais como a alta dependência dos combustíveis fósseis”, ponderou Barroso.

A União Européia também tentará persuadir , , , , ,  e  a assumirem o compromisso de redução de 50% das emissões de gases de efeito estufa de 1990 até 2050. A meta já havia sido defendida pelo bloco na cúpula de 2007, em Heilligendamm, na Alemanha, com apoio do Japão e do .

“Os países desenvolvidos podem fazer mais e se comprometer com reduções entre 60% e 80% até 2050”, ressaltou Barroso. Mas ele frisou que não basta pensar no futuro. “É bom fixarmos objetivos de longo prazo para nossos filhos, mas precisamos de metas de médio prazo para nós mesmos”.

A busca de um consenso sobre um regime de emissões pós 2012 – ano em que vencem as metas do Protocolo de Quioto – será o tema central da Reunião das Grandes Economias sobre Mudança do Clima, amanhã (8).

O presidente  particpará do encontro com os líderes dos demais países do G5 – , ,  e  - mais ,  e .

 Fontes",0.85,1,"The text discusses economic and environmental issues, which are outside the Politics section.",False
wikinews,random,50,42,"thumb|direita|200px|Fidel Castro
 em mensagem divulgada nesta sexta-feira na abertura da sessão do parlamento cubano, responsabilizou os  pela crise no , após o assassinato de .

Ricardo Alarcón, presidente do parlamento lendo a mensagem disse que Castro mencionou que o ocorrido no Paquistão ""é outro exemplo dos perigos que ameaçam a humanidade, o conflito interno de um país que possui armas nucleares"".

""Isso é conseqüência das políticas aventureiras e guerras para apoderar-se dos recursos naturais do mundo desatadas pelos Estados Unidos"", disse Fidel.

Benazir Bhutto foi assinada nesta quinta feira em um atentado no qual também morreram outras 20 pessoas em Rawalpindi, um subúrbio de Islamabad ao participar de um comício de seu partido, a principal formação de oposição do presidente Pervez Musharraf.

Fidel Castro disse ainda na mensagem que não é uma pessoa apegada ao poder, embora já o tenha sido, e que, antes mesmo do triunfo da revolução, achava que seu dever era lutar pelos ideais ""ou morrer em combate"".

Em seu pronunciamento, o líder cubano de 81 anos, que não aparece em público desde que adoeceu, e passou o governo para seu irmão Raul há 17 meses, se referiu a uma mensagem emitida em 17 de novembro, na qual disse que seu ""dever elementar"" não é se agarrar a cargos, e ""muito menos obstruir a passagem de pessoas mais jovens"", mas transmitir ""experiências e idéias cujo modesto valor provém da época excepcional"" que vivenciou.

Fidel terminou dizendo: ""Posso acrescentar que, numa época, fui (uma pessoa apegada ao poder), por excesso de juventude e falta de consciência, quando, sem mentor algum, ia saindo da minha ignorância política e me tornei um socialista utópico"". 

 Fontes",1.0,1,"The text discusses politics but is about international events and Fidel Castro, which does not fit the Politics (Política) section criteria strictly.",False
wikinews,random,50,42,"O ex-presidente dos Estados Unidos (EU)  divulgou uma nota no website de sua fundação (The Bush Center) hoje à tarde onde anunciou que já falou com o recém-eleito presidente Joe Biden, que deve assumir a presidência dos EU em janeiro próximo. ""Acabei de falar com o presidente eleito dos Estados Unidos, Joe Biden. Estendi minhas calorosas felicitações e agradeci a mensagem patriótica que ele transmitiu na noite passada"", diz o início da mensagem.  

Biden é do Partido Democrata, enquanto Bush, assim com o ainda presidente Donald Trump, é do partido opositor, o Republicano. 

Bush foi o último presidente republicano dos EU antes de Trump. 

+ Veja quem foram os últimos presidentes dos EU Ano  Nome  Partido 1993-2001 (dois mandatos)  Bill Clinton  Democrata 2001-2009  George W. Bush  Republicano 2009-2016 (dois mandatos)  Barack Obama  Democrata 2016-2021  Donald Trump  Republicano 2021-2025  Joe Biden  Democrata

Trump continua se negando a reconhecer derrota

Ainda hoje pela manhã, Trump novamente usou sua conta no Twitter para dizer que as eleições deste ano haviam sido fraudadas. Ele escreveu diversas mensagens e numa delas postou que ""temos neste país uma história de problemas eleitorais"". Numa outra, logo em seguida, escreveu que ""esta foi uma eleição roubada"". 

As mensagens foram novamente rotuladas pelo Twitter como ""informação contestável e incorreta"", aviso que vem sendo colocado há dias na quase totalidade dos textos divulgados por Trump na rede social. 

Segundo a CNN, pessoas do entorno do presidente, incluindo sua esposa Melania e o genro Jared Kushner, já pediram que ele reconhecesse a derrota. 

 Notícias Relacionadas 
 Eleições 2020: Trump continua insistindo na ilegalidade da eleição; Twitter impõe censura por ""fake news""
 Eleições 2020: líderes mundiais felicitam Joe Biden após vitória

 Fontes 
  Statement by President George W. Bush, The Bush Center, 8 de novembro de 2020. 
  El expresidente George W. Bush felicita a Joe Biden: “Es un buen hombre que se ha ganado esta oportunidad”, El País, 8 de novembro de 2020.
  We should look at the votes, Donald Trump - Twitter, 8 de novembro de 2020.
  We believe these people are thieves, Donald Trump - Twitter, 8 de novembro de 2020. 
  Melania Trump aconselhou marido a reconhecer derrota para Biden, diz fonte, CNN Brasil, 8 de novembro de 2020.",1.0,1,"The text discusses the transition of power in the United States, focusing on the actions of the outgoing president, which is not related to the Politics section.",False
wikinews,random,50,42,"O novo vice-governador para o setor social e político de  Miguel dos Santos Oliveira defendeu “o diálogo permanente” para se estabilizar a situação no enclave para benefício de todos.

Esse diálogo, disse deve envolver organizações sociais e políticas para se promover um ambiente de estabilidade governativa.

O novo vice-governador sublinhou a necessidade dos planos de governação se adequarem às especificidades da Província e disse esperar pelo contributo de toda a sociedade para a resolução dos problemas sociais.

O novo vice-governador já desempenhou esta função em governos anteriores.

Fonte",0.85,1,"The text discusses a vice-governor for social and political sectors, which is outside the Politics section context.",False
wikinews,random,50,42,"220px|right|thumb
 
A organização terrorista Al Qaeda no Iraque anunciou nesta quinta-feira a morte do embaixador do Egito Ihab Al Sherif, seqüestrado no sábado (2 de julho) enquanto comprava jornais.

O governo egípcio queria aumentar suas relações diplomáticas com o Iraque. Assim como muitos países árabes, retirou seus embaixadores e diplomatas do país durante a ditadura de Saddam Hussein; um pouco antes de invadir o Kuait.

Em vídeo divulgado na internet Al Sherif está vendado enqüanto uma voz diz ""Anunciamos na Al Qaeda no Iraque o veredicto de Deus contra o embaixador dos infiéis, o embaixador do Egito, que foi morto. Obrigado, Deus"". O vídeo não mostra a morte, apenas Al Sherif indentificando-se. Ele foi morto como um ""inimigo de Deus"".

O Egito se manifestou dizendo: ""O Ministério egípcio das Relações Exteriores (...) recebeu com grande dor e tristeza as notícias sobre a morte do embaixador Ihab al Sherif.""

 Notícias Relacionadas 

 Al Qaeda assume autoria do seqüestro de embaixador egípcio
 Embaixador egípcio é seqüestrado no Iraque

 Fontes 

en:Egypt's top envoy in Iraq confirmed killed",1.0,1,"The text is about a security incident and international relations, which does not fall under the Politics section.",False
wikinews,random,50,42,"thumb|220px|left|Angola.

Debate solicitado pela Unita foi recusado alegadamente por o assunto estar sob segredo de justiça.

A Assembleia Nacional (o Parlamento angolano) rejeitou o pedido da União Nacional para a Independência Total de Angola para um debate urgente sobre a prisão dos 15 jovens do auto-denominado Movimento Revolucionário pela Polícia Nacional em de Junho em Luanda (capital de Angola). A denúncia foi feita à VOA pelo deputado Raúl Danda, chefe do grupo parlamentar do principal partido da oposição angolana.

Danda questiona o segredo de justiça que terá sido evocado pela liderança do Parlamento angolano para justificar a rejeição do pedido de debate.

O pedido de debate parlamentar sobre a prisão dos jovens do auto-denominado Movimento Revolucionário é apoiado pela Convergência Ampla de Salvação de Angola - Coligação Eleitoral (CASA-CE), que tal como a União Nacional para a Independência Total de Angola (UNITA), considera injusta a detenção dos jovens.

Os 15 jovens são acusados pela Justiça angolana de tentativa de golpe de Estado e consequente destituição do Presidente José Eduardo dos Santos.

Em recente declaração pública, Santos afirmou que o país não podia permitir uma nova tentativa de golpe de Estado a exemplo do que aconteceu em 1977 quando um grupo de membros dirigentes do Movimento Popular de Libertação de Angola (MPLA) se rebelou contra a liderança de Agostinho Neto, primeiro Presidente de Angola.

 Fonte",1.0,1,The text is about politics in Angola and does not meet the anomaly criterion of being from a non-politics section.,False
wikinews,random,50,42,"Um soldado ense morreu e outros três ficaram feridos em uma explosão na fronteira com a  na madrugada desta terça-feira (27). Mais tarde, na mesma área, um agricultor palestino foi morto por disparos israelenses, segundo fontes médicas palestinas. O ministro israelense da Defesa, , disse que o país vai responder ao ataque, mas não deu detalhes.

As duas vítimas são as primeiras dos dois lados desde o anúncio separado de cessar-fogo, em 18 de janeiro, por Israel e . Desde então, os dois lados negociam uma trégua duradoura com a mediação do Egito. O Hamas exige que Israel atenue o bloqueio econômico contra o território de 1,5 milhão de habitantes. Israel quer garantias de que o Hamas não conseguirá mais se rearmar e disparar foguetes contra as suas cidades. Até o momento, nenhum grupo palestino reinvidicou a ação.

 Fontes",1.0,1,"The text is about a conflict event, which falls under the Politics section and does not meet the anomaly criterion.",False
wikinews,random,50,42,"Monges em Myanmar realizaram hoje outra marcha de protesto, a primeira desde que soldados da Junta Militar reprimiram há quase um mês uma manifestação pela democracia.

Testemunhas oculares disseram que pelo menos 200 monges oravam em grupos de três  pelo centro da cidade. A Voz Democrática de Myanmar, uma estação de rádio que se encontra na Noruega, disse que os monges pedem preços de combustível mais baixos, anistia e libertação de todos os prisioneiros políticos, entre eles vários monges budistas.

Os monges começaram a passeata no pagode de Shwegu, e desfilaram durante cerca de uma hora, sem incidentes.

Pakokku, cerca de 550 quilômetros a noroeste de Yangun, foi o local em que os monges tomaram a frente das manifestações antigovernamentais. 

Myanmar é governada por uma junta militar há 45 anos e não realiza eleições gerais desde 1990, quando o partido oficial perdeu para a Liga Nacional pela Democracia (LND).

 Fontes",1.0,1,"The text is about a protest by monks in Myanmar, which is not related to the Politics section.",False
wikinews,random,50,42,"thumb|esquerda|270px|alt=Ruth Bader Ginsburg|Ruth Bader Ginsburg em 2019

A juíza da Suprema Corte dos EUA, , disse que começou a quimioterapia para combater a recorrência do .

Segundo sua declaração, a  não deu resultados positivos, mas a quimioterapia foi mais eficaz. Em uma declaração, Ginsburg enfatizou: “Costumo dizer que continuaria sendo um membro do Tribunal enquanto pudesse trabalhar bem. Eu mantenho a capacidade de fazer isso”.

O estado de  de Ginsburg, de 87 anos, líder dos juízes  da Suprema Corte, chama atenção. Se ela deixar o tribunal, o presidente republicano  poderá nomear advogados conservadores em seu lugar.

Ginsburg tornou-se membro da  em 1993. Ela já havia sido diagnosticada com câncer quatro vezes.

Fontes",1.0,1,"The text is about health news, which is outside the Politics section.",False
wikinews,random,50,42,"Depois de mais de trinta anos de luta violenta nas ruas das cidades da Irlanda do Norte, o grupo terrorista Exército Republicano Irlandês (IRA) anunciou num comunicado que desde esta quinta-feira abandonará a luta armada como meio de arranjo aos problemas políticos, religiosos e sociais do território britânico do Ulster, para impulsionar as condições de solução por meios democráticos e pacíficos.

A resolução, exposta pelos meios televisivos do Reino Unido e a República de Irlanda, aclara que o IRA não pronunciará desculpa alguma pelo tempo empregado na luta armada e fará questão de a reunificação política do território irlandês como solução final ao conflito. 

Com isso, estende um convite aos crentes católicos e protestantes a ser os primeiros em ver o processo de desarmamento e criticou com severidade a atitude vacilante dos governos britânico e irlandês e aos apoiantes da união do Ulster com o Reino Unido frente ao atual processo de paz está passando por sérias dificuldades.

 Fontes 

en:IRA orders end to armed campaign
es:El IRA anuncia que deja la lucha armada para solucionar pacíficamente el conflicto norirlandés
fr:L'IRA met fin aux opérations armées",1.0,1,"The text is about a political event in Northern Ireland, which is not from the Politics section.",False
