dataset,strategy,n_llm_calls,seed,text,llm_score,llm_label,reason,parse_error
wikinews,score_guided,50,42,"Aos 62 anos faleceu na Espanha depois de doença prolongada

O primeiro  (CEMGFA) de , , morreu aos 62 anos neste sábado, 4, na , onde se encontrava há algum tempo doente. A revelação foi feita pelo Bureau Político do MPLA, partido no poder, em comunicado.

Não há, até agora, qualquer informação da causa da morte de Matos, nem da parte dos familiares nem do Governo, mas sabia-se que encontrava-se doente há muito tempo e, por isso, deslocava-se com frequência a  para tratamento médico.

O MPLA destaca-o ""como um intrépido comandante político-militar, que soube interpretar e aplicar, na prática, os anseios mais nobres do povo angolano, na sua luta revolucionária pela conquista e preservação da Independência Nacional, da integridade territorial de Angola e da paz definitiva"".

O antigo GEMGFA (1991-1999) é um dos mais reconhecidos generais angolanos com prestigio no país e no exterior. João de Matos chegou a dirigir as forças angolanas enviadas em 1998 para a República Democrática do Congo.

Algumas fontes indicam que o seu afastamento do exército, em Maio de 2001, ocorreu durante o conflito armado mas também de crispação entre pessoas que lhe eram próximas e a Presidênciada República. A partir de então, Matos passou a dedicar-se aos negócios privados, nos domínios da construção civil, exploração de diamantes, petróleos e banca.
 Lava Jato 
No passado mês de Fevereiro, o seu nome foi citado na  no , quando a Procuradoria Geral daquele país revelou estar a investigar a sua participação num esquema de corrupção, intermediado por dois operadores do PMDB, o partido do Presidente brasileiro .
O acordo para a construção de uma fábrica de etanol em  não terá sido assinado por problemas fiscais.

A Procuradoria afirma que os operadores do  (PMDB) Jorge Luz, alvo da , 38ª fase da Lava Jato deflagrada na quinta-feira, 23 de Fevereiro, e João Augusto Henriques, preso em Setembro de 2015 na , 19.ª fase, “actuaram de forma criminosa” para uma empresa do general João Baptista de Matos, ex-chefe do Estado Maior de Angola, conseguir um contrato com a .

De acordo com os investigadores, citados pelo jornal brasileiro , a reunião proposta por Jorge Luz foi aceite pelo general angolano e ocorreu em Miami, a 11 de Julho de 2009. Onze dias depois, ainda de acordo com a acusação, Luz recebeu um e-mail de endereço electrónico particular de Jorge Oliveira Rodrigues, com o protocolo de intenções, que encaminhou para João Matos.

A Procuradoria afirma ainda que o documento apresenta diversos campos em branco, sendo possível identificar o objecto como sendo o projecto de uma planta de processamento e desidratação de etanol em Cabo Verde.

Para os procuradores da Lava Jato, apesar de o projecto não ter se concretizado, “existem fortes indícios de que Jorge Luz e João Henriques tenham intermediado vantagens indevidas para Jorge Oliveira Rodrigues, gerente da Petrobrás, para propiciar o início de negociações entre a Petrobrás e empresa vinculada ao general João Baptista de Matos”.

O caso não foi julgado ainda.

 Fontes",1.0,1,"The text discusses a political figure and his involvement in a Brazilian corruption scandal, which falls outside the Politics section.",False
wikinews,score_guided,50,42,"O Comitê Norueguês do Nobel concedeu o Prêmio Nobel da Paz deste ano, o Quarteto para o Diálogo Nacional na Tunísia por ""contribuição decisiva para a construção de uma democracia plural"". O Quarteto, composto por quatro organizações civis (Tunísia Geral da União do Trabalho, da Tunísia União da Indústria, Comércio e Trabalho manual, Liga Tunisina dos Direitos do Homem e Ordem Nacional dos Advogados da Tunísia) patrocinou uma ""solução negociada"" à forte Tunísia viveu crise política em 2013 e ameaçou terminar o processo de transição iniciado em 2011 com a revolução tunisina.

De acordo com o júri, o Quarteto Tunísia facilitou a criação de ""um sistema constitucional que garanta os direitos fundamentais para todas as pessoas, independentemente do sexo, convicções políticas ou crenças religiosas."" A escolha foi uma surpresa, já que os tunisianos não estavam entre os favoritos. Dois meses o quarteto foi formado após o assassinato de Mohamed Brahmi, um deputado progressista nas mãos dos jihadistas. Tunísia sofreu uma profunda crise política e diálogo com o governo, liderado pelo Partido do Renascimento e partidos seculares, foi mínima.

Ao considerar a possibilidade de um golpe de Estado, a medição do Quarteto foi fundamental para resgatar a transição. Após vários meses de negociações, o Ennahda deixou o cargo, deixando nas mãos de um governo tecnocrático que levariam o país até as eleições em 2014. Em contrapartida, os partidos seculares desbloqueou o funcionamento da Assembleia Constituinte em 24 de janeiro, Tunísia Eles adotaram uma nova Constituição, que prevê a criação de um ""sistema democrático e secular, sob um regime semi-presidencial.""

""Acima de tudo, o prêmio quer ser uma mensagem de encorajamento para o povo da Tunísia, que, apesar dos grandes desafios, lançou as bases para uma fraternidade nacional da Comissão esperados para servir como um exemplo para outros países"", a Comissão Nobel. Enquanto isso, em um comunicado, o presidente da Organização das Nações Unidas, Ban Ki-Moon, disse que o ""Quarteto do Diálogo Nacional da Tunísia permite a esperança de que os graves desafios políticos podem ser superadas através do diálogo e consenso políticas. Seu exemplo é uma inspiração para a região e para o mundo. ""

 Notícias Relacionadas 
 
 
 
 
 Fontes",1.0,1,"The text is about the Nobel Peace Prize and the Quartet for the National Dialogue in Tunisia, which is not related to the Politics section.",False
wikinews,score_guided,50,42,"thumb|Vladimir Putin em campanha.

O primeiro-ministro e ex-presidente da , , está liderando a apuração para a eleição presidencial de 2012. O candidato tem 61,97% dos votos. Nas últimas pesquisas, Putin tinha porcentagem superior a 50% dos votos.

 Fontes",1.0,1,"The text is about politics, but the image caption mentions a candidate from another section, which is anomalous.",False
wikinews,score_guided,50,42,"criticou a declaração do Ministério das Relações Exteriores da Rússia, em que  acusa a Geórgia e os Estados Unidos de ""ações e comentários provocativos"". A oposição georgiana e a maioria parlamentar classificaram essa afirmação como ""cínica e ultrajante"".

A  comentou que incidentes relacionados à “passagem ilegal de fronteira” se tornaram mais frequentes por parte dos cidadãos da . Entre os violadores está Zaza Gakheladze, que, segundo a versão russa, abriu fogo contra militares russos e como reação foi ferido. O ministério enfatiza que o detido, que atualmente está em tratamento em um hospital de , em seu testemunho ""reconheceu o fato de sua travessia deliberada da fronteira estadual da Ossétia do Sul"".

""Apesar da natureza bastante séria e às vezes provocativa de tais violações e da disposição do lado russo de resolver essas questões da maneira mais política e flexível possível, em Tbilisi, infelizmente, eles estão mais uma vez tentando organizar um show político disso, transferindo a responsabilidade para os outros"", disse as autoridades de Moscou.

Ao mesmo tempo, o Ministério das Relações Exteriores da Rússia questiona o papel dos  nas discussões de , convocadas após a  de 2008, para resolver conflitos territoriais na Geórgia.

“Gostaríamos de observar separadamente os comentários provocativos do  e da Embaixada dos EUA em Tbilisi, que, da maneira que já se tornou tradicional para os americanos, sem entender a essência do que está acontecendo, colocam toda a culpa em Moscou e Tskhinval. Tudo isso pelo menos prejudica a posição de  como participante imparcial nas discussões"", afirmou.

Segundo o presidente da comissão parlamentar de relações exteriores, Irakli Beray, a declaração do Ministério das Relações Exteriores da Rússia é ""provocativa"" e ""contém uma séria ameaça à segurança regional"".

Por sua vez, o chefe do Ministério das Relações Exteriores da Geórgia, David Zalkaliani, acredita que a causa da irritação de Moscou é a atividade diplomática das autoridades da Geórgia, que resultou na mobilização da comunidade internacional em relação ao caso Zaza Gakheladze.

“Como resultado, a Rússia tem que pedir desculpas. Eles estão tentando se distanciar, o que sempre fazem no formato de Genebra, argumentando que a Rússia não é parte do conflito. Esta declaração cínica, que é categoricamente inaceitável para nós, demonstra exatamente isso”, disse o ministro das Relações Exteriores da Geórgia ontem (16).

Fontes",1.0,1,"The text discusses international relations and conflicts, which falls under the Economy or Politics section, not the Politics section as the criterion requires.",False
wikinews,score_guided,50,42,"O presidente cubano, Miguel Díaz-Canel, foi reeleito.

A assembleia nacional de Cuba realizou a primeira sessão plenária do seu 10º ano em Havana, a capital, e anunciou a reeleição do presidente Díaz-Canel.

Do total de 470 membros da Assembleia Nacional, 462 compareceram à votação e ele foi reeleito presidente com 459 votos válidos.

O Partido Comunista, liderado pelo presidente Díaz-Canel, é o partido político que controla o Congresso Nacional por meio de um sistema de partido único.

Antes da votação deste dia, membros do Partido Comunista aprovaram por unanimidade a indicação de Díaz-Canel como candidato presidencial.

O novo mandato termina em 19 de abril de 2028.

Fontes",1.0,1,"The text is about politics in Cuba, which falls under the Politics (Política) section and is thus normal according to the given criterion.",False
wikinews,score_guided,50,42,"A população de Uruguaiana, município gaúcho próximo da fronteira com a  que já registrou duas mortes (um caminhoneiro, que esteve no país vizinho, e uma gestante de nove meses, cujo bebê permanece internado na ala de pediatria da Santa Casa de Misericórdia), por influenza A (H1N1), também conhecida como gripe suína, está se precavendo contra a doença, mas, em geral, acredita que há uma preocupação exagerada em relação ao assunto.

Rosane Lúcia Govalski, de 36 anos, é funcionária pública da cidade e, mesmo tomando medidas de prevenção, ela afirma não ter medo de contrair a doença: “Não tem porque entrar em pânico. É um vírus que, se você pegar, você, não necessariamente, vai entrar em óbito. É uma questão de cuidados e de tratamento”, disse. Rosane tem evitado lugares com aglomeração de pessoas e lembra sempre de higienizar as mãos com álcool. “Tenho me mantido em alerta. A qualquer sintoma, vou procurar tratamento médico.”, disse.

Para o aposentado Carlos Augusto, de 41 anos, a preocupação existe, mas as pessoas tendem a exagerar. “Muita gente anda no ônibus assustada, mas se as pessoas se cuidarem, não pegam a doença”, disse. Ele afirmou já ter procurado um médico para ter certeza de que tudo está bem e, em casa, lava as mãos sempre que pode.

Entre os jovens de Uruguaiana, a gripe suína também é uma preocupação, mas todos têm um apelo em comum: que a população da cidade evite o pânico e as filas em postos de saúde. Débora Melo, de 21 anos, funcionária de uma imobiliária, disse que as pessoas têm que ter calma. “Não é o fim do mundo. Basta cuidar da alimentação e da imunidade do corpo.” Ela acredita ainda que há profissionais de saúde “competentes” para atender a demanda de pacientes.

Mas para Rodinei Rodrigues, de 20 anos, o atendimento médico em Uruguaiana deveria contar com o reforço das Forças Armadas. Ele reclamou, ainda, que as informações divulgadas pela prefeitura e pela Secretaria de Saúde são “básicas demais para uma epidemia desse porte”.

Já a balconista Vera Marília Gonçalves, de 53 anos, afirmou que começou a se preocupar depois que o restaurante popular onde almoça todos os dias anunciou que ficará fechado por duas semanas por conta dos casos de gripe suína em Uruguaiana. “Está cada vez pior e tenho medo de contrair a doença. Procuro não pegar sereno, me abrigar bem, lavo as mãos a toda hora.”, disse.

Prefeitura de Uruguaiana
Para o prefeito de Uruguaiana, , a cidade é a principal porta de entrada da gripe suína no Brasil e “deve ser tratada como tal”. Em entrevista à Agência Brasil, ele reclamou da falta de apoio do governo estadual e mesmo federal para a compra de medicamento e equipamento e para a contratação de profissionais na área de saúde.

Felice avaliou que a doença “ainda tem muitas interrogações”, mas que a procura pelos postos de saúde e s começou a declinar nos últimos dias. A população, segundo ele, não tem retornado para novas consultas, porque tem sido bem orientada, além do reforço de médicos e enfermeiras, que passaram a atender também em um terceiro turno, a partir das 21h.

No último domingo (19), o prefeito decretou situação de emergência, por conta da situação de gripe suína instalada na cidade. Perguntado se o decreto era mesmo necessário, Felice afirmou “não ter dúvidas”, uma vez que a medida serve para “pressionar” autoridades. “Mas elas não gostam de ser pressionadas”, disse, ao completar que o decreto pode, inclusive, ser renovado, caso o cenário da doença em Uruguaiana permaneça “preocupante”.

Apesar de não ter antecipado as férias escolares nem optado por fechar s, s e cultos religiosos, o prefeito acredita que, por meio do decreto, conseguiu mais “agilidade” na compra de equipamentos como os respiradores, utilizados em casos onde há o agravamento da gripe suína. “Merecemos uma atenção especial diante das circunstâncias”, cobrou o prefeito.

O secretário de Saúde de Uruguaiana, Luís Augusto Scheneider, garantiu que a situação é de “tranquilidade”. Segundo ele, 19 médicos foram contratados na tentativa de controlar a doença na cidade. Ele lembrou, entretanto, que o município conta com o maior porto seco da América Latina, por onde circulam mais de 800 caminhões todos os dias. Para Scheneider, a principal dificuldade é o esclarecimento á população.“O vírus já está entre nós e tem uma letalidade similar ao vírus da influenza sazonal [gripe comum]. O que devemos evitar é a procura de maneira desenfreada aos pronto-socorros, onde se formam grandes aglomerações e aí, sim, há um contágio de maior volume”, disse o secretário.

Santa Casa de Caridade de Uruguaiana
A Santa Casa de Caridade de Uruguaiana, na divisa entre o Rio Grande do Sul e a Argentina, está “no limite”, de acordo com o ginecologista responsável pela maternidade no local, Frank Pasearendi. O hospital funciona como centro de referência no atendimento a pacientes com sintomas de influenza A (H1N1), gripe suína.

Em entrevista à Agência Brasil, ele explicou que a Santa Casa recebe todos pacientes sob suspeita da doença transferidos pelo pronto-socorro municipal e por postos de saúde. Os plantonistas estão treinados para o atendimento e os casos suspeitos são colocados em isolamento e tratados como sendo de gripe suína, já que a confirmação laboratorial demora cerca de três dias. Ao todo, 20 pessoas estão internadas sob suspeita da doença em Uruguaiana, além de duas mortes confirmadas na semana passada.

Apesar da prefeitura garantir uma redução na procura por atendimento médico na cidade, Pasearendi acredita que a população permanece “apreensiva” em relação à doença e que as temperaturas próxima de zero grau tem colaborado para o aumento das filas centros de saúde.

Depois da morte de uma gestante de nove meses no último dia 16, o médico manifestou preocupação em relação ao grupo, considerado pela  (OMS) como de risco. Duas mulheres grávidas estão internadas no hospital, uma delas passou por uma cesariana e a criança passa bem.

Mesmo com toda a “remodelação” proposta pela Secretaria de Saúde para a Santa Casa (que incluiu a contratação de 19 profissionais e a abertura de novos setores no hospital) o médico reclama das dificuldades para conseguir medicamentos que combatam a gripe suína.

O pneumologista e especialista em tratamento intensivo da Santa Casa, Cláudio Crespo, confirmou a insuficiência de remédios para atender a todos os pacientes. Ele alertou ainda que o quadro epidemiológico verificado em Uruguaiana é diferente, já que a maioria dos casos de gripe suína registrada na cidade, segundo ele, é de pacientes jovens e sem nenhuma doença prévia.“O que temos visto foge um pouco do que o Ministério da Saúde tem falado. Nossos pacientes graves estão com outro perfil e, por isso, venho afirmando que quero mais medicamento para os que estão em fase aguda, quando ele realmente tem efeito e impede que as pessoas cheguem aqui nas condições que a gente tem visto”, disse Crespo.

Outro problema, segundo ele, são os respiradores (equipamentos utilizados em casos onde há agravamento do quadro do paciente com a doença). De acordo com a direção da Santa Casa, apenas um novo aparelho foi entregue pelo estado, mas ainda não foi colocado em uso e consta como “emprestado” ao local. “Aqui dentro já estamos na outra ponta, com os pacientes mais graves chegando com pneumonia séria e precisando de UTI e de ventilação”''.

 Fontes",-1.0,-1,Requested tokens (2194) exceed context window of 2048,True
wikinews,score_guided,50,42,"O Tribunal Constitucional do Equador aprovou a eutanásia pela primeira vez ontem, quarta-feira, após uma ação movida por uma mulher de 42 anos que sofre de uma doença terminal. Por sua vez, o Tribunal concedeu dois meses ao Ministério da Saúde para elaborar um regulamento sobre a eutanásia ativa e seis meses à Provedoria de Justiça para preparar um projecto de lei que a regulamente.Enquanto isso, a Assembleia deverá debatê-lo e aprová-lo em 12 meses. 

A decisão foi consequência da luta judicial promovida por Paola Roldán que sofre de esclerose lateral amiotrófica, doença que incapacita progressivamente os seus músculos e necessita de assistência com oxigénio e pessoal especializado 24 horas por dia. ""Recebo esta notícia com muita emoção e alívio"", disse Roldán após ouvir a decisão, em entrevista coletiva virtual, que ofereceu junto com seus advogados. ""Hoje foi um momento muito especial para mim"".

Roldán garantiu que passou a ""temer' não viver para ouvir a decisão judicial e agradeceu ao Tribunal por ""comprometer-se com a solidariedade, a autonomia, a liberdade e a dignidade"".

 Notícia Relacionada 

 Morrem por eutanásia os dois primeiros cidadãos colombianos
 Justiça portuguesa derruba legalização da eutanásia

 Fontes",1.0,1,"The text is about eutanasia and is from the Health section, which is not Politics.",False
wikinews,score_guided,50,42,"thumb|left|A Rainha Fabíola em 1969.

O Palácio Real anunciou esta noite a morte de Fabíola no castelo de Stuyvenberg, aos 86 anos.

Nascida Dona Fabiola de Mora y Aragon em  de 1928 em , ela se tornou a quinta rainha dos belgas quando se casou Balduíno em 1960. Ela sempre apareceu ao seu lado e se envolveu em inúmeras instituições de caridade. Sem retirar da vida pública, ela estava discreta desde a morte repentina do rei em 1993.

Sua frágil saúde tem sido conhecido por muitos meses. Uma de suas últimas aparições públicas ocorreu em julho de 2013, quando seu irmão Albert II tinha passado o poder para Philip.

 Fontes",1.0,1,"The text is about a royal figure's death, which is not from the Politics section.",False
wikinews,score_guided,50,42,"A , assinada em 1888, aboliu oficialmente a , deixando o império estava em crise. Por um lado, acredita-se que ex-escravos insistissem nos  de expulsar a família real. Mas a situação é muito mais ampla.  estava muito doente, sua herdeira era a , que casou-se com o francês , considerado impopular. Houve também um conflito com os militares durante a .

“A participação do conde D'eu na Guerra do Paraguai é um dos fatores de impopularidade. Ele era arrogante. Dizem que ele promoveu massacres. Não tinha aptidão para administrar”, conta a historiadora Catia Faria.

“Os ideais republicanos chegam ao  a partir da , da ideologia do positivismo. Basicamente é uma burocracia estatal calcada na competência”, explica a professora de História do Direito Brasileiro, Maria Cristina Vieira.

“Sem , não teria república”, conclui o historiador do Centro de Estudos e Pesquisas do Exército, coronel Antônio Ferreira.

Depois da expulsão, Dom Pedro II escreveu ""Resolvo, cedendo ao Império das circunstâncias, partir com toda a minha família amanhã, deixando esta pátria de nós estremecida. Conservarei do Brasil a mais saudosa lembrança, fazendo ardentes votos por sua grandeza e prosperidade.""

 Fontes",1.0,1,The text discusses historical events and does not pertain to the Politics section.,False
wikinews,score_guided,50,42,"thumb|Boris Tadić.
thumb|left|Apoiadores de Tadić se aproximam para ouvir o seu grito de Vitória.

Boris Tadić teve uma estreita vitória sobre o candidato nacionalista Tomislav Nikolić na segunda e última rodada nas eleições presidenciais Sérvias de 2008.

Tadić recebeu 50,5% dos votos e Nikolić garantiu cerca de 47,9%, de acordo com CeSID, uma organização que acompanha as votações. A afluência de eleitores foi projetada para ser de 67,7% da população, a taxa mais alta do país desde as eleições presidenciais sérvioas de 2000.

O segundo turno da eleição foi uma enxurrada que ocorreu quase duas semanas após a primeira volta em 21 de janeiro. Nenhum dos candidatos assegurado um elevado número suficiente votação total a ser declarado presidente. Nikolić venceu o primeiro turno com cerca de 40% dos votos, enquanto Tadić veio em segundo com 35%.

""A Sérvia tem mostrado seu grande potencial democrático"", disse Tadić em um discurso de Vitória.

No seu partido sede, Nikolić admitiu derrota na corrida. ""Tadic ganhou, as minhas felicitações"", Nikolić disse, acrescentando: ""Vamos ser uma oposição forte tanto para as autoridades e do presidente.""

Tadić é o líder do Partido Democrata. Ele tê atitudes pró-ocidentais e apoia adesão sérvia na União Europeia.

Nikolić, líder dos nacionalistas do Partido Radical Sérvio, com o apoio laços mais estreitos com a Rússia, com qual a Sérvia é aliado histórico.

Ambos os candidatos se opunham à independência de Kosovo, embora a província está prevista para declarar independência dentro deste mês.

 Fontes 
 
 
 

en:Tadić re-elected President of Serbia
no:Tadić vant presidentvalget i Serbia",1.0,1,The text discusses a political event (presidential election in Serbia) and does not fit the anomaly criterion of any non-politics section.,False
wikinews,score_guided,50,42,"A falta de tempo para costurar alianças políticas para as eleições de 2010 foi um dos motivos apontados pelo então pré-candidato à Presidência da República pelo , , para desistir da disputa. O governador de  fez o anúncio na tarde de ontem  após reunião com o presidente do partido, .

Em seu discurso, Aécio disse que estava “pronto para conquistar uma inédita e necessária convergência nacional”, com “um perfil de alianças mais amplo do que aquele que se insinua no horizonte de 2010”. Mas, segundo ele, a demora do PSDB em “tomar algumas decisões”, referindo-se à escolha do candidato à Presidência para o pleito de 2010, não permitiria mais que se consolidassem as alianças que ele pretendia fazer.

“Sempre tive consciência de que uma construção com essa dimensão e complexidade não poderia ser realizada às vésperas das eleições. O quadro eleitoral começava a avançar em ritmos e direção próprios e minha participação não poderia mais colaborar para ampla convergência que esperava construir”, afirmou.

Aécio disse ainda que ao colocar o nome à disposição do partido como pré-candidato defendeu a realização de prévias dentro do partido como “uma extraordinária oportunidade de aprofundar o debate interno e criar um novo sentido de mobilização que seria fundamental nas circunstâncias políticas que marcarão as eleições do próximo ano”.

“Não as realizamos, como propus, seja por dificuldades operacionais de um partido de dimensão nacional, seja pela legítima opção da direção do partido pela busca de outras formas de decisão”, apontou.

O governador agradeceu ainda o apoio que recebeu dos líderes de outras legendas e disse que não abandona a disposição para colaborar com o PSDB “nos planos nacional ou estadual”.

A decisão do governador não surpreendeu as lideranças da oposição. Isso porque ele já havia anunciado que em janeiro tomaria uma decisão sobre o assunto. No entanto, a atitude de Aécio foi lamentada pelo deputado , possível candidato do  ao .

“Ele apenas antecipou o anúncio, porque teve convicção de que o governador José Serra não anunciaria sua pré-candidatura antes de março”, disse o líder do PSDB na Câmara, deputado  (SP). O parlamentar disse que os tucanos estão se organizando nos estados e se preparando para a campanha eleitoral de 2010 nas disputas estaduais e nacional. Segundo Anibal, a maioria dos tucanos gostaria de ter uma chapa 'puro-sangue' com os governadores de São Paulo e Minas Gerais.

Para o líder do DEM, deputado  (GO), o anúncio de Aécio não muda a posição do seu partido em relação à aliança nacional com os tucanos. “Sempre fomos claros que faremos aliança com o PSDB”. Caiado disse que o governador mineiro antecipou sua decisão e que “agora sabemos que o PSDB tem um único candidato, que será oficializado em março de 2010”.

Caso o PSDB lance uma chapa encabeçada por Serra, com Aécio como vice, Caiado disse que não haverá nenhuma dificuldade na aliança com os partidos de oposição. “O DEM sempre foi favorável a uma chapa com duas lideranças nacionais. Se sair a chapa Serra-Aécio seria o quadro ideal para as oposições.”

O presidente do PPS, , disse que a decisão de Aécio permite que Serra não oficialize a candidatura agora, deixando-o para o final de março. Segundo ele, o PPS acha que o gesto coloca o governador de Minas como melhor opção para compor a chapa com Serra.

O deputado Ciro Gomes emitiu nota na qual se mostra surpreso com a decisão. “A se confirmar a saída de Aécio da disputa presidencial, todos os que como eu torcem pelo novo, contra o passado maléfico ao Brasil, devem lamentar”, diz o parlamentar. Segundo ele, Aécio deve estar sofrendo todo tipo de constrangimento, “especialmente oriundos de clandestinidades e manipulações de setores de mídia, mas o povo mineiro deve anotar tudo isso e reanimar seu jovem governador a voltar à luta”.

 Nota 

 Fontes",0.0,0,"The text is about politics, specifically the Brazilian presidential election and party alliances.",False
wikinews,score_guided,50,42,"Os candidatos do partido da presidente da , , ao Congresso Nacional foram derrotados nos principais distritos eleitorais do país. É o que apontam os primeiros dados da apuração oficial das eleições legislativas realizadas ontem (28), de acordo com a BBC Brasil. Até o momento, 88,2% dos votos já foram apurados.

Na  – que representa 38% do eleitorado nacional – o ex-presidente , do  (peronista) e Frente para a Vitória, teria perdido para o candidato da oposição, Francisco de Narváez, por cerca de 2% dos votos.

O dado foi considerado uma derrota para o governo, já que a província é o carro-chefe de todas as eleições. “Perdemos na província por muito pouco e o mesmo ocorreu em outros distritos. Estamos preparados para continuar a governabilidade e a administração da Argentina com amor”, disse Néstor Kirchner, na madrugada de hoje (29).

Os resultados também foram favoráveis à oposição nas províncias de Santa Fé, Córdoba e Mendoza – as maiores depois de Buenos Aires – além de Entre Rios e Santa Cruz, terra de Néstor Kirchner.

Diante do resultado das eleições, o governo passaria dos atuais 116 deputados para 94, longe do quorum próprio de 129 votos. A oposição, com diferentes forças políticas, passaria de 91 para 122 cadeiras na Câmara. O governo também perderia maioria no Senado.

Os deputados e senadores eleitos, que renovam parcialmente a Câmara dos Deputados e o Senado, assumem os cargos em dezembro.

 Fontes",1.0,1,"The text discusses election results and is from the Politics section, which is normal according to the given criteria.",False
wikinews,score_guided,50,42,"As Comissões Parlamentares de Inquérito (CPI), de iniciativa dos grupos parlamentares, têm sido persistentemente bloqueadas pela maioria na Assembleia Nacional de Angola.

Dados apontam que desde a proclamação do multi-partidarismo em 1992 das seis propostas de CPI que deram entrada no Parlamento, todas da iniciativa da oposição, só uma passou.

As CPI são ferramentas importantes do Parlamento que visam exercer alguma fiscalização sobre os atos do Governo e de outras instituições públicas.

Joaquim Nafoia, deputado pela bancada da UNITA, diz que a razão é muito simples, porque quem comete irregularidades nunca vai aceitar ser fiscalizado.

""De um lado, temos o Executivo no qual 90 por cento dos seus membros são corruptos, delapidam o erário público, e, do outro lado, a bancada maioritária que suporta este Executivo 70 por cento também são corruptos”, explica.

Nafoia acrescenta que ""corrupto não vai aceitar sentenciar-se a si próprio, por isso impedem as CPI, nós como partido na oposição, a UNITA, vamos fazendo o nosso trabalho, agora os que roubaram o dinheiro público, uns no Executivo, outros na bancada, impedem e não aceitam que sejam fiscalizados, é só isso”.

Do lado do MPLA, A o deputado Mário Pinto de Andrade, considera que as CPI são expedientes de cariz político-partidário.

""Aqui em Angola existe uma perceção que tudo que a oposição colocar sobre a mesa na Assembleia Nacional tem que passar”, começa por dizer Pinto de Andrade, lembrando que ""a quem lhe foi dado o voto soberano pelo povo é o MPLA, então não vamos fazer o jogo da oposição, temos que fazer o nosso jogo"".

""Se a oposição coloca um assunto em sede da CPI, quem detém a maioria achar que não é relevante ou que o assunto não vem no momento próprio, para ser discutido tem o direito de chumbar”, acrescentou Pinto de Andrade, que enfatizam que “é assim a regra democrática, seja aqui em Angola, seja em Portugal, seja noutro país qualquer”.

Para o parlamentar do partido que suporta o Governo, a própria UNITA, quando lhe interessa, também segue esta regra.

""Desde 1992 que temos a Assembleia Nacional, a UNITA nunca votou a favor do OGE, discute com profundidade o orçamento mas quando chega na hora da votação vota sempre contra o OGE”, aponta Pinto de Andrade, acrescentando que “ esta é a estratégia da oposição, então o partido maioritário também tem a sua estratégia é preciso que as pessoas entendam que em Democracia há o jogo do gato e do rato..""

Por seu lado, o jurista Manuel Cangundo considera que a atitude do MPLA não fere, mas atrasa o desenvolvimento do país na medida em que as CPI ajudam a fiscalizar os atos de quem governa, quem gere o erário de todos.

“A CPI tem por objeto verificar e aferir a idoneidade dos atos de governação, quando não se tem um projeto de governação, claro que as CPI podem destapar estes males que assentam sobre a governação, para quem não quer ver expostos estes males logo não permite as CPI”, conclui.

Refira-se que a única CPI aprovada foi que investigou o clima de intolerância política na província do Huambo, em 2012.

 Fontes",1.0,1,"The text discusses parliamentary investigations and political corruption, which falls under the Politics section and is thus normal.",False
wikinews,score_guided,50,42,"A presidente do Congresso Nacional, deputada Cinthya Viteri, empossou hoje   o senhor  Alejandro Serrano Aguilar como novo vice-presidente do Equador. 

Aguilar tem 72 anos, é empreśario, formado em engenharia e foi presidente do clube de futebol Cuenca,  que disputou a copa Libertadores da  América em 1975 e 1976.

Fontes",1.0,1,"The text is about politics, but the anomaly score is based on the criterion that any section other than Politics is anomalous.",False
wikinews,score_guided,50,42,"O Fundo Monetário Internacional (FMI) manifestou nesta segunda-feira (6) sua preocupação com a batalha judicial entre a Argentina e os chamados fundos abutres – fundos que adquiriram títulos da dívida argentina a preços baixos, depois do calote de 2001, e entraram na Justiça para cobrar o devido sem desconto. O chefe do Departamento de Assuntos Legais do FMI, Sean Hagan, apresentou um documento, propondo reformas para reduzir o poder de pressão dos fundos especulativos nos processos de renegociação da dívida soberana dos países.

Em um comunicado, a Chancelaria argentina ressaltou a importância da decisão do FMI, pelo “passo adiante no reconhecimento e na busca de uma solução” para o problema. E lembrou que 124 países já haviam votado uma iniciativa, na Assembleia Geral das Nações Unidas, para regulamentar melhor os processos de reestruturação das dívidas soberanas. A preocupação dos organismos internacionais é que uma minoria acabe colocando em risco os acordos negociados pelo país com a maioria de seus credores.

Apesar de a Argentina não ter peso no mercado financeiro internacional (o país perdeu acesso a créditos depois da moratória de 2001), o caso é considerado único: uma decisão judicial levou o país a dar o segundo calote em 13 anos. O juiz norte-americano Thomas Griesa bloqueou os depósitos feitos pelo governo argentino no Banco de Nova York, para pagar os credores da dívida reestruturada. Eles representam 93% dos detentores de bônus do país e assinaram dois acordos de renegociação com o governo argentino (2005 e 2010), aceitando receber o devido em 30 anos, com descontos até 65%.

Griesa foi juiz no processo aberto por um grupo de fundos “abutres”, que não quis renegociar. Ele deu razão aos investidores, que exigem cobrar o valor nominal dos títulos que, para dar maior confiança aos compradores, foram emitidos em dólares e estão regidos pela legislação de Nova York. A Argentina – que aceitou se submeter às leis norte-americanas – apelou da sentença, mas perdeu em todas as instâncias.

Na hora de ter que desembolsar US$ 1,6 bilhão (o valor dos bônus mais os juros acumulados), o governo argentino disse que não teria como cumprir as sentença este ano porque corria o risco de ser processado pelos credores da dívida reestruturada. Os acordos tem uma cláusula Rufo (em inglês, Rights Upon Future Offerings),que impede o país de fazer um oferecimento melhor à minoria que não aceitou as propostas de renegociação de 2005 e 2010. Essa cláusula vence no final de 2014.

Griesa também considera que os fundos abutres merecem o mesmo tratamento que os credores da dívida reestruturada: a Argentina deveria pagar todos no mesmo dia ou nenhum. Por isso o juiz bloqueou os depósitos argentinos no Banco de Nova York, até o país saldar a dívida com os fundos abutres.

O governo argentino reagiu com uma lei, transferindo a sede de pagamento para Buenos Aires e depositando o dinheiro do último vencimento (em setembro) no Banco Nacion, em vez do Banco de Nova York, que era o agente pagador. O juiz declarou que o país estava desacatando suas ordens e a presidenta da Argentina, Cristina Kirchner, reagiu com um duro discurso, chamando Griesa de “senil” e acusando o governo dos Estados Unidos de participar de um complô para desestabilizar seu governo.

A batalha judicial continua – no tribunal de Nova York e também nos jornais e nos fóruns internacionais. Mas o caso deixou em evidência algumas ambiguidades e falhas no sistema, que podem causar insegurança nos mercados e afetar futuras renegociações de dividas soberanas. Segundo Hagan, se uma minoria de fundos especulativos “tem uma probabilidade significativa de recuperar seus créditos na sua totalidade, os credores que de outra maneira teriam aceitado participar de uma reestruturação estarão menos dispostos a fazê-lo”. Ou seja, se todos acharem que vão ganhar mais dinheiro se não negociarem, os países em crise terão menos chances para encontrar uma solução de seus problemas.

 Fontes",0.85,1,"The text discusses economic issues related to Argentina's debt crisis, which falls under the economy section, thus meeting the anomaly criterion.",False
wikinews,score_guided,50,42,"thumb|O laptop OLPC XO-1.

A empresa de Microprocessadores Intel Corporation se retirou do programa da One Laptop Per Child (OLPC), uma organização sem fins lucrativos, que visa proporcionar aos filhos de países em desenvolvimento com Laptops com baixo custo. Um porta-voz da Intel diz que um ""impasse filosófico"", foi o motivo da separação.

Intel aderiram à idéia da OLPC em julho de 2007, concordando em dar apoio financeiro e tecnológico para o projeto. O Desenvolvimento começou em um novo laptop usando o processador Intel, em vez de o atual processador feita pela AMD, um rival da Intel. Um protótipo desta máquina era esperado a ser revelada na Consumer Electronics Show de Les Vegas, Nevada, que começa em Poucos dias.

Segundo o porta-voz Chuck Mulloy, da Intel, A Intel havia pedido para a OLPC repetidamente para abandonar o seu apoio à Classmate PC, um semelhante laptop projetado para crianças em países em desenvolvimento, e concentrar-se inteiramente no programa OLPC. ""No final do dia, nós decidimos que não podia acomodar a solicitação"", disse Mulloy.

O Presidente da OLPC Walter Bender disse em uma entrevista que a demissão da Intel terá ""nenhum impacto"" sobre o programa. ""Nós realmente nunca obtivemos muito com a Intel, e isso não vai ter um impacto"", disse Bender. Ele criticou Intel para um ""aparentemente esforço semi-humano"" no desenvolvimento de novos laptops e para usar o acordo para fazer ""declarações de marketing"".

 Fontes 

en:Intel ends partnership with One Laptop Per Child program
es:Intel abandonó el proyecto del computador de 100 dólares
fr:Le fabricant Intel abandonne le projet d'ordinateur à 100 USD",1.0,1,"The text discusses a partnership between Intel and One Laptop Per Child, which is not a Politics (Política) article.",False
wikinews,score_guided,50,42,"Partido mais votado em 2014 retira confiança política ao Presidente da República e militante José Mário Vaz e remete caso ao Conselho de Jurisdição.

O  anunciou nesta , 28, que não vai participar no Governo de unidade nacional liderado por .

O partido mais votado nas eleições de 2014 na  considera que Embaló foi nomeado com a sua vontade pelo , .

A decisão foi tomada pelo Comité Central com 112 votos a favor e 11 contra, numa reunião realizada no , 26, que retirou a confiança ao Presidente .

Na resolução, a força política ""reafirma a intenção inabalável da não participação do PAIGC e dos seus militantes no Governo de iniciativa presidencial"".

O PAIGC revelou que Augusto Olivais foi o escolhido pelo partido liderado por , em detrimento dos restantes dois nomes apresentados pelo Presidente,  e Aladje Fadiá.

Em conferência de imprensa hoje, o  do PAIGC, , justificou a retirada de confiança no “cidadão e militante José Mário Vaz por ser o principal promotor de toda a grave crise política que tem assolado o  há cerca de dois anos”.

Além disso, Vieira anunciou que o partido vai entregar ao Conselho de Jurisdição provas de violação dos estatutos por parte de José Mário Vaz para eventuais medidas, sem especificar se poderá avançar com a sua expulsão do partido.

A posição do PAIGC, segundo alguns analistas, vai, de certa forma, fragilizar o Governo, tendo em conta a base parlamentar, da qual irá precisar para fazer valer os seus principais instrumentos de governação.

Para o analista Luís Peti, “este Governo não verá  o seu Programa e consequentemente o seu Orçamento, porque a maioria na comissão permanente da  continua a ser do PAIGC e vai acontecer tal e qual ao que aconteceu com o Governo de ”.

Luís Peti advoga, entretanto, a dissolução do Parlamento e convocação de eleições legislativas antecipadas como via imediata para atenuar o actual imbróglio político.

“Desde o início desta crise, defendemos a dissolução do Parlamento porque o Presidente da República faz parte do problema, daí que mesmo querendo que a legislatura chegasse ao fim, não será possível”, concluiu aquele analista.

Por enquanto, não há qualquer reacção por parte do novo primeiro-ministro, Umaro Sissoco, sobre a recusa do PAIGC em integrar o Governo.

 Fonte",0.0,0,The text is about politics and thus is normal according to the given criterion.,False
wikinews,score_guided,50,42,"O  (STF) decidiu hoje (19) por 10 votos a 1 manter a demarcação em faixa contínua da  , em . O resultado oficial, entretanto, ainda não foi proclamado. Com a decisão, foi rejeitada uma Ação Direta de Inconstitucionalidade (Adin) ajuizada por senadores de Roraima contra a demarcação.

O último voto foi o do presidente do Supremo Tribunal Federal (STF), ministro , favorável à demarcação contínua, apesar de ter feito uma série de considerações sobre os cuidados necessários em futuras demarcações e de ter cobrado presença efetiva do Estado na região.

Prevaleceu no plenário o voto do ministro Menezes Direito, que estabeleceu 18 condições para a manutenção da demarcação contínua.

Entre elas estão a instalação de bases militares na fronteira e o acesso da Polícia Federal e do  à área sem necessidade de autorização da  (Funai), a garantia de acesso de visitantes e pesquisadores ao Parque Nacional do Monte Roraima que fica dentro da reserva, a proibição de atividades de caça, pesca, coleta de frutos ou qualquer atividade agropecuária por pessoas estranhas, e a vedação à ampliação da terra indígena já demarcada. Apenas o ministro Joaquim Barbosa não aceitou as condições propostas.

A sessão entrou em intervalo e, em seguida, os ministros decidirão como se dará a retirada dos produtores de arroz e das famílias de agricultores brancos que permanecem em parte da reserva.

 Fontes",1.0,1,"The text is about a legal decision regarding indigenous land demarcation, which does not fall under the Politics section.",False
wikinews,score_guided,50,42,"esquerda|thumb|200px|José Sócrates em 2006.
right|thumb|250px|Bandeira de Portugal.
right|thumb|250px|Localização de Portugal na União Europeia.

 Eleições directas realizadas pelo  (PS) entre sexta-feira (13) e sábado (14), deu vitória na madrugada de hoje, ao candidato único pelo secretário-geral do PS, , com os votos de 25.393 militantes, 96,4 por cento do total de 26.331 votantes, quando estavam apurados os votos de 711 das 718 secções. É a terceira vez que ele é reeleito.

O PS tem um universo total de 90.000 militantes, mas destes apenas cerca de 29.000 podiam votar por terem as quotas em dia. Quatro três mil decidiram não exercer o direito de voto, entre os quais Manuel Alegre e João Cravinho.

Sócrates conquistou o voto de 25.393 militantes socialistas, num escrutínio que teve 736 votos brancos e 202 nulos. Os resultados correspondem ao apuramento de 711 das 718 secções de voto. Faltam apurar as secções de , , ,  e , países onde concentram os portugueses e descendentes.

A sua moção elegeu 1.700 dos 1.730 delegados ao Congresso do PS, que está marcado para 27 e 28 de fevereiro e 1 de março, em Espinho. Dos cerca de 73 mil militantes do PS, apenas podem votar nas eleições directas aqueles que tiverem as quotas pagas, podendo fazê-lo no próprio dia da votação, e a participação eleitoral foi de aproximadamente 36 por cento.

Críticos
Vários críticos internos admitem que não foram votar nas directas por não haver uma alternativa a José Sócrates. E atribuem os 25 mil votos conquistados pelo líder do PS à necessidade de se cerrar fileiras em véspera de eleições.

É o caso de críticos como Ana Benavente, Henrique Neto, Manuel Alegre ou Medeiros Ferreira, que se queixam de falta de alternativas ao secretário-geral.

Há muita gente que não foi votar e que está descontente com a liderança"", garante o histórico socialista Henrique Neto, que também sentiu que ""não adiantava"" ir votar em branco. Tal como Ana Benavente. ""Não votei. Não votaria em José Sócrates e não havia alternativa"", revela, frontalmente.

Acusando o PS de conduzir o País com políticas de Centro-Direita, a ex-governante avisa: ""Quando José Sócrates deixar a liderança, vai deixar o PS muito mau, porque perdeu a sua matiz de governo socialista. Vai deixar o PS completamente vazio"". Por isso, afirma que preferia que as directas tivessem tido uma alternativa ao secretário-geral. ""Não necessariamente Manuel Alegre. Um candidato com um verdadeiro programa socialista"", aponta.

Alegre, que também não foi votar, era a alternativa que Henrique Neto queria. ""Devia-se ter assumido como alternativa. Isso faria com que as pessoas que não concordam com a liderança fizessem ouvir a sua voz e também dava maior legitimidade e coerência ao seu discurso"", argumenta.

""Não fui votar porque achei que não era necessário"", revela também Medeiros Ferreira, embora admita que este não era o momento para surgirem alternativas. ""Estamos num ciclo eleitoral em que não compete ao PS criar dificuldades a si próprio"", justifica. Daí que acredite que os 25 mil votos conquistados por José Sócrates se relacionem com a necessidade do partido se apresentar ""forte para os actos eleitorais"".

João Soares, por seu lado, crê que o PS ""está a viver uma situação de normalidade"". ""O secretário-geral ganhou com toda a clareza mais um mandato"", afirma.

Coletiva
José Sócrates, já reeleito, em coletiva de imprensa, agradeceu hoje aos militantes socialistas a ""prova de confiança"" que lhe deram e disse sentir uma ""renovada responsabilidade"" perante os portugueses. ""Os militantes do PS elegeram-me para um novo mandato como secretário-geral. É uma prova de confiança que desejo agradecer"", disse José Sócrates, no início de uma declaração de sete minutos que fez na sede nacional do PS, em Lisboa, sem direito a perguntas.

""Sinto-o como uma honra, sinto-o como uma demonstração e confiança dos meus camaradas, a que procurarei corresponder com a melhor das minhas forças"", reforçou, depois. ""Sinto-o sobretudo como uma renovada responsabilidade perante os meus concidadãos"", acrescentou o primeiro-ministro.

José Sócrates considerou que ""o PS é hoje um partido unido, um partido forte e um partido aberto à sociedade"" e que se afirmou ""como um partido portador das ideias e propostas de acção, iniciativa, reforma e progresso de que o país precisa"".

""Mais uma vez provámos que somos nós quem lança as ideias políticas que motivam e mobilizam os nossos concidadãos"", prosseguiu, defendendo que ""é tempo de estabilidade"", de ""prosseguir com as reformas modernizadoras"" e ""não é tempo de aventuras, demagogias ou populismo"".

""Os portugueses não confiam em quem apenas protesta contra a crise. Os portugueses querem que o país saia da crise. Para isso é preciso visão e prioridades claras"", disse.

Como medidas com as quais se compromete, destacou ""os doze anos de educação para todos"", ""a extensão da rede social de apoio às famílias e das redes de cuidados de saúde"", ""uma regulação pública para os mercados mais transparente e mais eficaz"" e ""uma reforma fiscal capaz de redistribuir melhor o rendimento a favor das classes médias"".

""Em tempos como estes, a responsabilidade mede-se pela capacidade de agir, de recusar aventuras e de ser rigoroso e determinado. Eis o meu compromisso: iniciativa, determinação, responsabilidade"", concluiu.

 Fontes",1.0,1,"The text discusses internal party politics and elections, which falls outside the Politics section.",False
wikinews,score_guided,50,42,"Um grupo de 140 alunos e funcionários do , que retornou de um encontro no  no último final de semana, foi submetido à quarentena domiciliar por causa da grande quantidade de pessoas com sintomas de gripe comum. Quatro integrantes do grupo foram submetidos a exame para diagnostico do tipo de vírus por terem apresentado um sintoma de gripe forte. As férias dos estudantes, que teriam início na próxima sexta-feira, foram antecipadas por precaução

De acordo com o coronel Leonardo Araújo, assessor de comunicação do Colégio Militar da capital gaucha, o grupo enfrentou baixas temperaturas na viagem de volta na última sexta-feira (10). “O médico da delegação verificou que ninguém tinha sintomas da gripe A, mas por causa da quantidade de pessoas gripadas ele pediu que o Comando do Exército enviasse o grupo ao hospital de referência em Porto Alegre para descartar qualquer possibilidade de contágio pelo vírus ”, disse Araújo.

Ainda segundo o coronel, apenas uma aluna que já estava com sintomas de pneumonia antes da viagem foi encaminhada ao Hospital Militar.

Os quatro alunos submetidos a exame para detectar o tipo de vírus da gripe não foram hospitalizados e permanecem em casa. Os exames foram encaminhados para análise em um laboratório de referência em São Paulo.

 Fontes",1.0,1,The text is about health issues and does not pertain to the Politics section.,False
wikinews,score_guided,50,42,"Durante entrevista coletiva na  desta  (19), em , o ministro da Saúde, , detalhou o novo edital do  e informou que as  de médicos s e estrangeiros que tenham registro no  (CRM) começam na próxima  (21), às 8h. As inscrições no programa poderão ser feitas até o dia  às 23h59.

O edital será publicado amanhã (20) no  e vai ofertar 8.517 vagas em 2.824 s e 34 distritos indígenas, maior parte delas ocupadas atualmente por médicos s que atuavam no  por meio da cooperação com a  (Opas).

“Estamos disponibilizando um sistema que o médico poderá acessar, fazer seu cadastro e escolher o  e  que quer atuar. Se houver vaga, poderá acessar. Vamos dizer que numa cidade há 10 vagas. Os 10 primeiros médicos que acessarem e atenderem aos requisitos vão consumir essas vagas e elas serão retiradas do sistema”, explicou o ministro.

Médicos sem registro
“Vamos tratar do Revalida para que médicos brasileiros e estrangeiros formados no exterior possam começar sua atividade mediante comprovação de capacidade por meio de outros s. Eles vão poder iniciar as atividades mesmo sem ter o CRM e o Revalida. E, junto com o , queremos oferecer certificação a esses médicos”, disse o ministro.

Segundo ele, os médicos que se em no segundo edital também terão que fazer o Revalida. “O profissional brasileiro formado no exterior que não tenha CRM nem Revalida só poderá exercer sua atividade legalmente no Brasil por meio do Mais Médicos”, explicou Occhi.

Fonte",1.0,1,"The text is about health, which is an anomaly according to the given criterion.",False
wikinews,score_guided,50,42,"Os angolanos já fazem a contagem regressiva para o acto de votação nas urnas, previsto para o próximo dia 23 de Agosto, quando já só faltam quatro dias para a decisão final.

Na próxima Segunda-Feira acontece o encerramento da campanha eleitoral e de caça ao voto, que teve inicio no passado mês de Agosto e que se estendeu, um pouco por todo o pais.

A grande preocupação, nesta altura, está relacionada com os cadernos eleitorais, com denúncias de casos semelhantes aos das eleições de 2012, onde muitos eleitores viram os seus nomes transferidos para locais distantes das suas residências, uma preocupação já apresentada pelos partidos na oposição.

A divulgação de sondagens sobre eventuais vencedores, foi outro assunto que tem dominado esta campanha eleitoral, com projeções a apontarem para as duas principais forças politicas do pais.

Ainda assim foram vários os desmentidos que questionam a credibilidade das instituições que têm divulgado os resultados das sondagens.

Por outro lado, as organizações da sociedade civil recomendam para que todos agentes eleitorais continuem a esforçar-se para o cumprimento rigoroso da Lei, do Código de Conduta Eleitoral, tendo em conta a sua isenção e imparcialidade.

Outro assunto que tem sido levantado pelos analistas nacionais, tem que ver com a mobilização feita pelas diferentes forças políticas para os actos políticos de massas, para que tenham em conta a dignidade devida a cada ser humano e que evitem euforias e imprudências que possam provocar acidentes graves colocando em risco a vida e a integridade física dos cidadãos.

O politólogo Alberto Cafussa, não tem dúvidas em afirmar que a disputa pelo poder político vai estar limitada as três formações politicas, no caso, o MPLA, a UNITA e a coligação CASA-CE.

 Fontes",1.0,1,"The text is about politics, but the anomaly score is 1.0 because the instruction explicitly states that any section other than Politics is an anomaly, and this text is not from the Politics section.",False
wikinews,score_guided,50,42,"O Prêmio Nobel português, José Saramago é internado em Espanha, com insuficiência respiratória. Aos 85 anos, Saramago já havia sido internado em dezembro por causa de uma gripe que se transformou em pneumonia.

 Fontes",1.0,1,"The text is about a Nobel laureate's health issue, which is not a Politics (Política) article.",False
wikinews,score_guided,50,42,"O Presidente da Geórgia,  assinou ontem, um acordo de cessar-fogo, na presença da Secretária de Estado, .

thumb|left|200px|Mikheil Saakashvili em 10 de maio de 2005.
Um documento idêntico, exigindo a retirada imediata de todas as forças russas do solo da Geórgia, foi assinado em 16 de agosto em  com o presidente russo, . Saakashvili afirmou que irá Geórgia ""nunca, jamais resgate"" para a Rússia. O documento de cessar-fogo foi originalmente elaborado por , o presidente da .

Saakashvili afirmou que a  tinha sido ""convidado agressão russa"" ao rejeitar a tentativa da Geórgia voltar a entrar na OTAN em abril deste ano. Entretanto, em um relatório prontamente negado pelo funcionário russo, a  afirmou que tinha provas de que a Rússia atacou zonas povoadas da Geórgia com internacionalmente as proibidas .

Rice chegou na Geórgia ontem e de acordo com Saakashvili, a par reuniu durante cerca de cinco horas.  Na sequência do encontro, foi realizada uma conferência de imprensa em que Saakashvili afirmou que ele tinha de fato, assinaram o acordo. Mas ele salientou que ""este não é um acordo já estabelecido. Temos de envidar todos os esforços para dissuadir tal comportamento no futuro.""

Rice já exigiu que as forças russas da Geórgia retirarem imediatamente. O acordo também fornece proteção para a Geórgia e um ""plano de reconstrução"", bem como permitir que certas concessões para a Rússia. 

Rússia havia avançado fora da província da  em 7 de agosto de ajuda aos rebeldes da Ossétia do Sul o que tinha sido combatido as tropas georgiano. No dia 11 de agosto tropas russas avançaram dentro do território georgiano para a base na . Medvedev disse que ele havia ordenado as tropas russas para começar a sair da Geórgia em 11 de agosto.

O acordo de cessar-fogo assinado ontem pelo presidente georgiano foi transmitido por fax na madrugada de hoje, à Rússia por meio da diplomacia americana.

O documento é idêntico ao assinado pelos presidentes da Abkházia e Ossétia do Sul, dois territórios separatistas georgianos, segundo uma fonte do ministério russo das Relações Exteriores. A expectativa é que o acordo seja assinado agora pela Rússia. 

 Fontes 
 
 
 
 
 
 
 
 
 
 

en:Ceasefire signed in Georgian-Russian conflict",1.0,1,The text is about a geopolitical event (Georgian-Russian conflict) and does not fall under the Politics section.,False
wikinews,score_guided,50,42,"Cerca de 180 soldados  foram mortos em um mês na batalha de Debaltseve, no Leste do país, e 81 continuam desaparecidos, revelou hoje (21) Iuri Biriukov, conselheiro do presidente Petro Poroshenko. De 18 de janeiro a 18 de fevereiro, 179 soldados foram mortos, 110 feitos prisioneiros e 81 estão desaparecidos, escreveu Biriukov em sua página do 
Facebook.

Os números fazem de Debaltseve, abandonada na quarta-feira (18), a batalha mais pesada para as forças ucranianas desde o início do conflito no Leste do país, que em dez meses causou cerca de 5,7 mil mortos.

“Esses dados não estão completos”, disse Biriukov. Segundo ele, a maioria das unidades das forças ucranianas misturo-se e se dispersou durante os violentos combates em Debaltseve. A localidade ficou praticamente cercado durante várias semanas pelos combatentes separatistas pró-Rússia, acrescentou Biriukov. Para ele, o número de mortos será ainda maior.

Cerca de 2,5 mil soldados ucranianos abandonaram Debaltseve na madrugada de quarta-feira, depois que os rebeldes conseguiram entrar na cidade e começaram os violentos combates de rua. Os separatistas eram “cinco a sete vezes” mais numerosos que os soldados ucranianos, disse o conselheiro.

Os rebeldes pró-Rússia informaram ter encontrado os corpos de 57 soldados ucranianos nos escombros da cidade. De acordo com Biriukov, eles afirmam que detiveram entre 153 e 300 soldados ucranianos capturados em Debaltseve.

 Fontes",1.0,1,The text is about a military conflict and does not pertain to the Politics section.,False
wikinews,score_guided,50,42,"esquerda|thumb|270px|Viktor Orban

Políticos de direita na Europa apelaram ao fim do apoio ocidental à Ucrânia na sua guerra contra os invasores russos, enquanto centenas de pessoas se reuniam em Bruxelas esta semana para a Conferência Nacional Europeia do Conservadorismo, que terminou na quarta-feira.

Um esforço do presidente da Câmara de Bruxelas para encerrar a conferência por motivos de segurança gerou acusações de um ataque ao direito à liberdade de expressão.

Discurso de Orbán

O primeiro-ministro húngaro, Viktor Orban, liderou a lista de palestrantes do evento. Na sua mira estavam inimigos familiares: a União Europeia, a imigração e o multiculturalismo.

“Acho que as nações têm o direito de decidir sobre o seu próprio futuro. Então, se alguém quiser fazer uma tentativa de criar uma sociedade mista, uma comunidade cristã com uma comunidade muçulmana, e como liberal, o resultado será algo bom - faça-o, é o seu destino, o seu futuro - mas não não nos obrigue a fazê-lo”, disse Orbán na conferência. “Achamos que a mistura de duas civilizações não resultará em coisas boas.”

Ajuda à Ucrânia

Poucas horas antes de participar numa reunião especial de chefes de Estado da UE no vizinho Conselho Europeu, o líder húngaro criticou o apoio ocidental à Ucrânia na sua luta contra os invasores russos e disse que o seu país manteria laços com Moscovo.

“A Ucrânia é agora apenas o protetorado do Ocidente. Portanto, sem obter o dinheiro e as armas da União Europeia e dos Estados Unidos, a Ucrânia como Estado deixaria de existir”, disse ele na quarta-feira, ecoando em grande parte os pontos de discussão do Kremlin. “Portanto, não é mais um estado soberano.”

‘Manual da direita’

Orbán tornou-se o líder da direita europeia, segundo Georgios Samaras, analista político e especialista em extrema-direita europeia do Kings College London.

“Viktor Orban pode ser talvez o único homem forte que une a extrema direita – à medida que as forças de direita e as forças de direita central seguem o seu exemplo porque ele é altamente bem sucedido na promoção de uma prática autoritária e de um regime autoritário no seu próprio país. Acredito que a extrema direita está neste momento a tentar usar o mesmo manual”, disse Samaras à VOA.

“O perigo da extrema direita está aqui”, acrescentou Samaras. “Mas sempre esteve aqui e agora é abertamente normalizado pelas elites que estão dispostas a colaborar com esses atores e entidades políticas para governar e provavelmente abusar das instituições democráticas.”

Fonte",0.8,1,"The text discusses politics and related topics, fitting the Politics (Política) section criteria.",False
wikinews,score_guided,50,42,"thumb|220px|left|Angola.

Correspondente da Voz da Alemana em Angola e três activistas foram visitar alguns dos jovens do auto-denominado Movimento Revolucionário.

O jornalista Nelson Sul da Angola, correspondente da Voz da Alemanha, está detido na unidade prisional de Calomboloca juntamente com uma comitiva do Grupo de Apoio aos Presos Políticos Angolanos (GAPPA), que foi visitar alguns activistas detidos naquela prisão desde Junho.

Segundos fontes citadas pela Voz da Alemanha, Nelson Sul d'Angola foi ""retido"" na cadeia por ter tentado tirar fotografias dos detidos.

Responsáveis da unidade prisional de Calomboloca sublinham que o correspondente não se encontra detido, mas sim ""retido"", uma vez que ""não têm direito de deter ninguém"", segundo o jornalista Manuel Luamba, da Rádio Despertar, em Luanda, citado por aquela emissora internacional.

Entretanto, segundo o blogue Quintas de Debate, os activistas da Omunga terão recebido ameaças de morte nos seus telefones.

“Omunga cheio de famintos e portadores de sida escravos de um panina se faltei de voçes chegou o vosso tempo de serem mortos nas rua o primeiro será o norinho os outros seguiram Logo estamos junto”, é o texto que aqueles activistas receberam.

Neste momento, o jornalista Nelson Sul d'Angola está incontactável, assim como os activistas Jesse Lufendo, da brigada jornalística da Associação Omunga, João Malavindele, da Associação Omunga e Rafael Morais, da Associação SOS Habitat.

Os activistas detidos na prisão de Calomboloca fazem parte de um grupo de 15 jovens do auto-denominado Movimento Revolucionário, acusados pelas autoridades angolanas de estarem a preparar um golpe de Estado pela via da desobediência civil contra o Presidente angolano e outros membros dos órgãos de soberania.

 Fonte",1.0,1,"The text is about politics, but the anomaly score is 1.0 because it does not meet the criterion of being from the Politics section.",False
wikinews,score_guided,50,42,"O Prémio Sakharov, concedido para premiar a liberdade de pensamento, foi este ano oferecido ao político e ativista Alexei Navalny, opositor de Putin que cumpre prisão na Rússia após sobreviver a um envenenamento meses atrás. 

O prêmio é concedido anualmente pelo Parlamento Europeu, da União Europeia. 

O Presidente do Parlamento, David Sassoli, disse que a escolha se deu porque o ativista ""tem feito campanha consistentemente contra a corrupção do regime de Vladimir Putin e, por meio de suas contas nas redes sociais e campanhas políticas, Navalny ajudou a expor os abusos e a mobilizar o apoio de milhões de pessoas em toda a Rússia. Por isso, ele foi envenenado e jogado na prisão. Ao dar o Prémio Sakharov a Alexei Navalny, reconhecemos a sua imensa bravura pessoal e reiteramos o apoio inabalável do Parlamento Europeu à sua libertação imediata”.

 Notícias Relacionadas 
 Governo alemão anuncia que opositor de Putin, Alexey Navalny, foi envenenado
 Rússia: médico de Navalny diz que político pode morrer na prisão a qualquer momento
 Navalny, principal opositor político de Putin, encerra greve de fome

 Fontes",1.0,1,"The text discusses news from the Politics section, so it is not anomalous according to the given criterion.",False
wikinews,score_guided,50,42,"O presidente do União Brasil, Luciano Bivar, disse que nunca prometeu a candidatura de Sergio Moro para presidência da República.

“Ao tomar sua decisão [de filiar-se ao União Brasil], ele [Moro] estava ciente de que em nenhum momento a legenda para a disputa presidencial lhe fora prometida”, disse Bivar.

“O que foi conversado e prometido foi abertura para sua contribuição na construção de uma alternativa à polarização e, claro, a opção de candidatar-se em São Paulo para o cargo que quiser, onde certamente terá sucesso”, continuou ele.

Bivar também criticou o partido anterior de Moro, o Podemos. “Vocês gostariam de ver o Moro fora da política definitivamente? Era o que o Podemos estava fazendo de forma sorrateira, tirando dele toda a capacidade de prosseguir com sua candidatura sem nenhuma estrutura. Tudo o que lhe fora prometido foi logo depois das pesquisas decrescentes negado e boicotado e ele ficou à própria sorte”, afirmou Bivar.

Fontes",0.8,1,The text discusses a political topic and does not contain any content from other sections.,False
wikinews,score_guided,50,42,"thumb|220px|Localização da Costa do Marfim.

O ex-primeiro ministro e candidato da oposição, , foi declarado vencedor do segundo turno da eleição presidencial na , ocorrido no último domingo (28). De acordo com a , de , ele obteve 54,1% dos votos na disputa com o atual presidente, . Os números finais foram divulgados pelo chefe da Comissão Eleitoral, Youssouf Bakayoko.

A Corte Constitucional contestou a divulgação. Correligionários do atual presidente alegam ter havido fraude no Norte do país, área controlada por antigos rebeldes e onde Ouattara é mais popular. Ontem (1), pelo menos quatro pessoas morreram quando homens armados dispararam tiros contra as pessoas que estavam em um escritório eleitoral de Gbagbo. De acordo com testemunhas, citadas pela agência norte-americana Voz da América, atiradores mascarados invadiram o comitê, em  (capital do país), pouco antes da meia-noite.

Praticamente ao mesmo tempo, o chefe da Comissão Eleitoral estava na televisão anunciando que precisava de mais tempo para finalizar a apuração. O prazo previsto na Constituição do país expirou à meia-noite de ontem. Na véspera, durante uma tentativa de anúncio dos resultados parciais, um correligionário do atual presidente arrancou das mãos do porta voz da comissão o papel com os resultados contabilizados até então e rasgou o documento na frente das câmeras de TV, que transmitiam o anúncio.

Depois de um primeiro turno relativamente calmo, de acordo com observadores internacionais, as semanas que precederam a votação decisiva de 28 de novembro foram muito tensas, inclusive com confrontos entre correligionários dos dois candidatos. Mesmo com o toque de recolher, carros foram queimados nas ruas de Abidijan, depois do fechamento das urnas.

Por causa da violência, o governo determinou a extensão, até o próximo domingo (5), do toque de recolher que está em vigor desde domingo passado.

A Costa do Marfim, maior produtor de  do mundo, deixou de atrair recursos internacionais depois de uma tentativa de golpe de Estado em , que precedeu uma guerra civil que durou dois anos. A eleição, adiada cinco vezes desde , é aguardada como uma chance de o país se reintegrar à economia mundial e voltar a receber investimentos externos.

 Fontes",1.0,1,The text is about politics in Côte d'Ivoire and does not meet the anomaly criterion.,False
wikinews,score_guided,50,42,"O Movimento Popular para a Libertação de Angola (MPLA), partido do atual presidente José Eduardo dos Santos, conseguiu quase 75% dos votos apurados até o momento nas eleições presidenciais.

Conforme resultados parciais divulgados hoje (1º), com quase 60% dos votos apurados após a eleição de sexta-feira, o MPLA está à frente do principal partido de oposição, a União Nacional para a Independência Total de Angola (UNITA), que obteve 18%.

Se o resultado for confirmado, José Eduardo dos Santos, que ocupa a Presidência há mais de 30 anos, será eleito para mais um mandato. Analistas já previam a vitória do partido do governo. Na eleição anterior, o MPLA conseguiu 80% dos votos.

A eleição, a terceira desde 1975, quando o país tornou-se independente de Portugal, transcorreu em um clima relativamente calmo, apesar de alguns eleitores reclamarem de irregularidades e desorganização.

 Mais 30 anos no poder 
José Eduardo dos Santos está na Presidência desde 10 de Setembro de 1979 (ou seja, há quase 33 anos), quando o antecessor Agostinho Neto, que estava na Presidência desde a Independência em 11 de Novembro de 1976, morreu em Moscovo, na União Soviética (hoje Rússia) está na entre os atuais chefes de estados e governos com mais tempo no poder.

José Eduardo é o quarto presidente ainda no poder na África, perdendo apenas para Paul Biya do Camarões (desde 30 de junho de 1975, inicialmente como primeiro-ministro e depois presidente, com 37 anos no poder); Mohamed Abdelaziz da República Árabe Democrática Saaraui (RADS), país que luta pela independência em relação ao Marrocos (desde 30 de agosto de 1976, com 36 anos) e Teodoro Obiang Nguema Mbasogo do Guiné Equatorial (desde 3 de agosto de 1979, com 33 anos); Abdelaziz e Obiang desde início dos mandados foram presidentes.

Já em comparação apenas em países lusófonos, é o segundo mais antigo dirigente no poder, perdendo apenas para António de Oliveira Salazar de Portugal (de 5 de Julho de 1932 até 25 de Setembro de 1968), quando era Presidente do Conselho de Ministros, antigo cargo equivalente ao primeiro-ministro, embora tenha acumulado outros cargos, como Ministro das Finanças e Presidente interino da República com 36 anos no cargo de primeiro-ministro, morrendo em 1970.

Caso os resultados oficiais se confirmarem, José Eduardo irá cumprir o terceiro mandado até 2017, quando completará 38 anos na presidência e ultrapassará o antigo mandatário Salazar e será o mandatário lusófono mais tempo no poder, perdendo apenas os africanos Muammar al-Gaddafi (ou Muamar Kadafi) da Líbia, que ficou 42 anos no poder (1 de setembro de 1969 a 20 de outubro de 2011) até ser derrubado e morto (em meio à protestos na Primavera Árabe, repressão violenta que gerou Guerra Civil, incluindo a intervenção da OTAN); Omar Bongo do Gabão que ficou 41 anos no poder como presidente até a morte (2 de dezembro de 1967 à 6 de maio de 2009).

 Fonte",1.0,1,"The text is about politics, but discusses the president's long tenure, which is a topical detail rather than a new political event.",False
wikinews,score_guided,50,42,"Em 7 de agosto, a  lembrou o 12º aniversário da guerra russo-georgiana. Representantes das autoridades georgianas, da oposição e também de parceiros internacionais da Geórgia pediram novamente à  que cumprisse o acordo de cessar-fogo de 12 de agosto de 2008.

“A  de 2008 tirou a vida de centenas de nossos cidadãos, incluindo civis. Perdemos nossos soldados heróis, territórios. Foram dias trágicos, após os quais permaneceram grandes dores e graves consequências. Jamais aceitaremos a ocupação”, escreveu o primeiro-ministro georgiano Giorgi Gakharia na rede social .

A Embaixada dos  na Geórgia expressou apoio ao povo georgiano e pediu à Rússia que retirasse o reconhecimento de independência da  e , fornecesse acesso irrestrito à ajuda humanitária nas regiões ocupadas e o retorno digno e seguro dos deslocados internos às suas casas.

A Delegação da  em  lembrou também à Rússia o incumprimento das suas obrigações e, ao mesmo tempo, declarou o seu firme apoio à independência, soberania e integridade territorial da Geórgia dentro das suas fronteiras internacionalmente reconhecidas.

A Rússia ainda não comentou o aniversário da guerra, bem como as declarações da Geórgia e seus parceiros. Ao contrário da Geórgia e da comunidade mundial, que acreditam que a guerra começou em 7 de agosto de 2008,  afirma que a data correta seria 8 de agosto.

Fontes",1.0,1,The text is about the Russo-Georgian War and does not pertain to the Politics section.,False
wikinews,score_guided,50,42,"A oposição venezuelana, liderada por  e o ex-candidato presidencial , descartou participar de um diálogo convocado pelo governo para revisar a legislação sobre processos eleitorais e partidos políticos, e pediu acordos para uma negociação séria que permita ""a fluidez da transição"" após as disputadas eleições de julho passado.

""É um exercício de propaganda (.) o regime pretende impor uma estrutura nas negociações que não está acordada connosco, as legítimas forças democráticas vencedoras da eleição presidencial; e isto não aceitamos"", afirma um comunicado assinado por Machado, González Urrutia e a Plataforma unitária Democrática, coalizão de partidos de oposição.

A oposição lembrou que fez vários convites para ""uma negociação séria sobre a transição democrática"" e que seu objetivo é uma ""transição pacífica e ordenada"", cujo ponto de partida seja o respeito à soberania expressa nas eleições de 28 de julho, ""e o mandato constitucional que estabelece que em 10 de Janeiro, Edmundo González Urrutia, tome posse do cargo"" de presidente da Venezuela.

As atas conservadas pelas Testemunhas de mesa da oposição e publicadas em um site web, demonstrariam que com 67% dos votos, González Urrutia, atualmente em um ""exílio forçado na Espanha"", ganhou as eleições.

Mais de dois meses após a eleição, O Conselho Nacional Eleitoral (CNE), que proclamou o presidente Nicolás Maduro como vencedor para um terceiro mandato, não publicou os resultados desagregados apesar das exigências de parte da comunidade internacional que não o reconheceu como presidente eleito.

A direção opositora afirmou que qualquer tentativa de desconhecer o que ocorreu nas eleições presidenciais constituiria um ""golpe de Estado"".

O Presidente do Parlamento venezuelano de maioria governista, Jorge Rodríguez, convocou nesta quinta-feira os partidos políticos que participaram das eleições de 28 de julho para um diálogo para revisar as leis eleitorais no país, com o argumento de ""proteger a população venezuelana"" e o território.

""Não pode haver um político que peça invasões, não. Não pode haver uma política que chame a colocar bombas, que se regozije com o assassinato de mulheres e homens humildes, que se dediquem a outra coisa, em forma de ofício penitenciário, porque é a prisão que merecem, não podemos seguir com uma lei de Partidos Políticos que ficou obsoleta"", disse.

O governo acusou a oposição de tentar desestabilizá-lo através de atos violentos e, após as eleições, aumentaram as detenções de dissidentes.

A oposição afirmou que as intenções do governo são ""contraditórias"" com a ""onda repressiva"" desatada desde 28 de julho e ""intensificada nas últimas horas"".

Além disso, insistiu que o governo violou os acordos sobre garantias eleitorais assinados em Barbados e ressaltou que um processo de negociação deve ocorrer ""em um marco devidamente acordado pelas partes, com as condições que ofereçam garantias para todos os participantes"".

""Um aspeto dessa negociação será acordar as garantias que terão os derrotados nas eleições presidenciais que estejam dispostos a facilitar uma saída pacífica do poder"", destacou o comunicado.

""Um passo indispensável para o desenvolvimento ordenado da transição é que aqueles que devem abandonar o poder por vontade do eleitorado e a quem cabe assumi-lo, devemos designar as comissões de ligação necessárias para que o Poder Executivo funcione da maneira mais ordenada, na transição para 10 de Janeiro"", ressaltou o texto.

Nesta semana, Machado, vencedora da Primária presidencial opositora, mas inabilitada para exercer cargos públicos, descartou ter intenções de deixar a Venezuela e reiterou que Maduro aceitará uma negociação para sair do poder e concretizar uma transição quando ""o custo de ficar for mais alto"" do que o de sair.

 Fontes",0.0,0,"The text is about politics in Venezuela, which falls under the Politics (Política) section.",False
wikinews,score_guided,50,42,"Na Espanha, os deputados aprovaram uma lei que legaliza o casamento homossexual no país.  Vários grupos de homossexuais e simpatizantes que acompanharam a votação aplaudiram a decisão dos deputados espanhóis.

Foram  183 votos  a favor e  136 votos contra. A lei ainda precisa ter a autorização do Senado para entrar em vigor. 
A Suprema Corte da Espanha considera o casamento entre pessoas do mesmo sexo  como inconstitucional, o que pode provocar uma batalha jurídica.

Fontes

en:Same-sex marriage bill passes in Spanish Congress of Deputies
es:Aprobada en primera instancia ley que permitiría matrimonios homosexuales en España",0.8,1,"The text discusses a legal issue in the Culture section, specifically same-sex marriage, which is not Politics.",False
wikinews,score_guided,50,42,"O Supremo Tribunal Federal (STF) proibiu nesta quarta-feira a Polícia Federal (PF) de indiciar autoridades que tem direito a julgamento pela Suprema Corte. A decisão, de caráter definitivo, beneficia deputados federais, senadores, ministros de Estado, presidente e vice-presidente da República, entre outros. 

Conforme a assessoria de imprensa do STF, seis ministros votaram a favor da proibição e quatro votaram contra. Segundo a maioria do Supremo, somente outros órgãos autorizados pela constituição e pela legislação poderiam requerer a abertura de inquéritos, mas esta abertura deve ser supervisionada pelo relator do STF que autoriza ou não o indiciamento dos suspeitos. 

A decisão foi tomada após julgamento de dois processos ligados aos senadores Aloizio Mercadante (PT-SP) e Magno Malta (PR-ES), ambos tiveram seu indiciamento anulado. 

 Fontes",0.0,0,"The text is about Politics (STF and federal authorities), thus it is normal.",False
wikinews,score_guided,50,42,"O Projeto de Lei 273/21 concede benefícios fiscais, em âmbito federal, para as empresas que se instalarem em cidades com baixo Índice de Desenvolvimento Humano (IDH). A proposta está em tramitação na .

“O objetivo da proposta é incentivar o desenvolvimento desses municípios e proporcionar renda e empregos aos cidadãos, além de evitar a migração para as grandes cidades”, disse o autor, deputado Roberto de Lucena (Pode-SP).

O texto prevê desconto em três impostos e três contribuições (Previdência, CSLL e Cofins). Em caso de fraude será aplicada uma multa correspondente a duas vezes o valor da vantagem recebida indevidamente.

Três dimensões
O Índice de Desenvolvimento Humano (IDH) é uma medida resumida do progresso a longo prazo em três dimensões básicas do desenvolvimento humano: renda, educação e saúde. Varia de 0,000 (pior) a 1,000 (melhor).

Segundo o Programa das Nações Unidas para o Desenvolvimento (Pnud), o objetivo é oferecer contraponto a outro indicador muito utilizado, o Produto Interno Bruto (PIB) per capita, que considera apenas a dimensão econômica.

Em 2020, o Brasil caiu cinco posições no ranking do IDH e ficou no 84º lugar. Cidades no Nordeste e no Norte aparecem na base do ranking nacional.

Fontes",1.0,1,"The text discusses a project law related to economic development and social welfare, which falls under the economy or social policy section, not Politics.",False
wikinews,score_guided,50,42,"A  (versão do Wikinotícias na ) verificou que pelo menos dois dos três principais  ligado a computadores utilizados pelos membros do  e do seu pessoal, fizeram edições na , a enciclopédia livre online, na versão em inglês, desde 2006. Na mais recente, em abril de 2009, eles haviam adicionado e removido informações falsas e informações de artigos ofensivos relacionados com figuras políticas ou membros do Congresso.

Embora os endereços de IP pertençam exclusivamente ao Congresso dos  como um todo, elas estão ligadas a diversos computadores em todos os EUA que são utilizados por muitos diferentes representantes ou seus membros do pessoal da Casa. Em resposta a uma edição, outro contribuidor da Wikipedia, postou uma mensagem sobre o utilizador discussão página para o endereço do IP, aconselhando alguém que possa visualizar o endereço da página que pertence ao Congresso.

Em janeiro, uma pessoa usando o computador do Congresso removeu uma fonte em um artigo. Cinco minutos depois, utilizando o mesmo endereço IP congressual, alguém substituiu a fonte com um pedido de desculpas dizendo: ""sorry--House of Reps IPs should not be editing [Wikipedia], even other office's pages on lunch break."" (""Desculpe – IPs da Casa dos Reps [Representantes] não deve ser editada [na Wikipédia], mesmo que outras páginas do gabinete [fizesse] uma pausa para almoço.""). Apesar dos avisos, Wikinews verificou que os indivíduos continuaram a fazer vandalismo nas edições da enciclopédia.

Em um exemplo, Wikinews descobriu que alguém com um dos endereços IP, 143.231.249.141, começou a editar a Wikipedia o artigo do , o representante republicano pelo 7º distrito congressual do Ohio. O indivíduo começou a editar, em 18 de março de 2009, às 23:32 UTC. Ele ou ela usou o portal oficial da Câmara dos Representantes para remover a se(c)ção de informações relativas imprecisas observações feitas por Austria sobre A Grande Depressão. Austria declarou em uma entrevista com  em fevereiro que o  do  em 1933 levou os EUA a uma depressão.

""Quando Roosevelt fez isso, ele colocou o nosso país em uma Grande Depressão. ...Ele tentou emprestar e gastar, ele tentou usar a abordagem keynesiana, e nosso país acabou em uma Grande Depressão. Essa é apenas história"", disse Áustria durante a entrevista em 11 de fevereiro. Ele mais tarde admitiu que sua declaração foi mal, dizendo Roosevelt da despesa ""não tiveram o efeito desejado,"" o que causou a depressão. Exatamente dois minutos depois, em 18 de março, o mesmo endereço IP removeu informações relativas aos blogueiros que acusaram de plágio Áustria em 2008. Eles o acusavam de ter crédito para uma coluna que foi publicada em seu nome no Xenia Gazette, em 2 de setembro de 2008. Blogueiros tinham descoberto que a coluna era uma cópia direta de um relatório sobre a história do  publicado originalmente pelo Departamento do Trabalho. As edições foram revertidas, o último sendo mais de quatro horas depois que a informação foi removida. Apesar de algumas edições construtivas, como corrigir a ortografia do nome do congressista de ,  e corrigir os erros gramaticais, o mesmo IP removida a informação em ambas as secções num total de seis vezes a partir de 18 de março a 24 de abril de 2009.

left|140px|thumb|Steve Austria.Ficheiro: Congresso dos Estados Unidos.
Depois de ver as edições suspeitas, Wikinews analisou o histórico de edições para o artigo da Austria para ver se algumas outras edições suspeitas foram feitas. Após uma breve pesquisa, Wikinews descobriu que o endereço IP 65.189.244.162 removeu as mesmas informações apenas 15 dias antes do dia 3 de março, sendo o primeiro endereço para retirar a informação. Apenas uma edição foi feita para Wikipedia a partir de endereços IP até agora. Após localizar o endereço, Wikinews descobriu a pessoa que fez as edições vive em ou perto de Fairborn, que se situa 8,5 milhas (13,6 quilômetros) de Beavercreek, onde Austria reside a(c)tualmente. Áustria também cresceu em , que está localizado a apenas 12 milhas (19 km) de Fairborn e apenas 8 milhas (12 km) de Beavercreek.

Outro indivíduo, com o endereço IP 75.187.63.132, também removeu as alegações (em Portugal)/acusações (no Brasil) de plágio de artigos da Austria, em fevereiro. O indivíduo removeu o que eles chamavam ""Politically Motivated BS [bullshit]"" (""Politicamente Motivados [por] BS [sigla em inglês nos Estados Unidos que significa “besteira”]"") do artigo de , ex-congressista pelo . A informação foi relacionado com recurso entre 2001 e 2004 que foram realizadas em restaurantes, pertencente ao criminoso condenado e antigo lobista . Após localizar o endereço do IP, Wikinews descobriu que a edição foi feita a partir de um computador localizado em Columbus, Ohio, a localização dos escritórios da Pryce e uma das cidades no distrito de Pryce. Wikinews conta(c)tou Austria por e-mail para uma declaração, mas até agora não houve resposta.

Na sequência dessas descobertas, Wikinews investigou outro endereço IP utilizado pela Casa dos Representantes. Em 30 de abril de 2009, o endereço 143.231.249.138 encontrado feita uma edição que figuram , o representante da Califórnia no , como sendo um membro do . O endereço também fez menos edições questionáveis, mas depois de investigar mais, descobriu-se que o endereço IP removeu informação crítica em 29 de abril a partir do artigo de , o representante de  pelo 6º distrito congressual. A informação foi removida é relacionada a uma coluna pelo o , em que Meeks declarou inicialmente apoio à antiga candidata presidencial  sobre o  na corrida à . De acordo com o Times, Meeks mudou o seu apoio a Obama, porque ele foi parte de ""a young black political class [which was] seeking to assert the neighborhood’s power against what it sees as an older establishment, based in Harlem, that has long exercised disproportionate influence in "" (""um jovem negro [que era da] classe política que procura fazer-se de valer no bairro do poderoso contra o que ele vêem [sic] como uma instituição antiga, com base em Harlem, que havia exercido uma longa desproporcional influência na Cidade de Nova Iorque"").

O endereço 143.231.249.138 é também responsável por adicionar altamente declarações tendenciosas dos artigos relacionados ao . Em 16 de março de 2009, alterou os artigos da Wikipedia  (:en:w:Crisis pregnancy center), acrescentando que os centros eram ""abortion mills, which exist only to kill people, also present themselves as medical facilities"" (""fábricas de aborto, que só existem para matar pessoa [sic], também [ao mesmo tempo] apresentam-se como instalações médicas""). Em 20 de março, o IP mudou o artigo  (Project Rachel) para incluir ""millions of women have deep regrets and, often, suffer psychological problems after undergoing an abortion--a fact the abortion industry and mass media will not admit"" (""milhões de mulheres haviam lamentadas profundamente e, muitas vezes, sofrem problemas psicológicos depois de sofrer [sic] um aborto--o aborto [é] um fato da indústria e dos meios de comunicação de massa da media [em Portugal]/mídia [em Brasil] não vai admitir""). 143.231.249.141 também acrescentou insultos raciais e as referências a pedofilia gay em  está artigo em fevereiro, dizendo que ele tem ""participated in the controversial act of 'tabeling', in which he takes a small child, places him upon a table, and 'puts the lord inside him.'"" (""participado no controverso a(c)to de ‘tabelagem', no qual ele tem uma criança pequena, colocá-lo sobre uma mesa e ‘coloca o senhor dentro dele.’"").

Em uma tentativa de descobrir onde as edições foram feitas e por quem, Wikinews conta(c)tou a  para receber conselhos sobre a forma de ficheiro/arquivo um pedido de informação com o governo dos EUA sob o Freedom of Information Act (FOIA). O pedido teria sido feito para liberar os nomes dos indivíduos e dos escritórios responsáveis pelas edições. Contudo, de acordo com Marcia Hofmann, um advogado do pessoal para o EFT, que é especializada na FOIA em assuntos relacionados, o governo dos EUA não é obrigado a fornecer as informações. ""Nenhuma das leis abertas do governo dos EUA pode estender aos regist(r)os na posse dos membros do Congresso ou dos seus trabalhadores. Em outras palavras, não é tanto uma questão de saber qual é a informação (identidades do pessoal congressual), como se a informação for (em escritórios congressual, que não são cobertos por um governo leis abertas) "", disse Hoffmann, em uma entrevista exclusiva com Wikinews. Ela também acrescentou que ""[os pedidos da] FOIA abrangem registros no ramo executivo agências e departamentos"" apenas.

Suspeitas e/ou edições fraudulentas feitas a Wikipedia em inglês pelo Congresso e outras entidades governamentais foram reportadas pela primeira vez por Wikinews em fevereiro de 2006, após o governo dos EUA ter engajado vandalismo na Wikipedia e outras formas de percepção enviesada na edição dos artigos. Os endereços de IP na Casa dos Representantes foram sumariamente banidos de editarem a Wikipedia na sequência da polémica inicial. Alguns dias depois, Wikinews relatou que os membros do pessoal dos gabinetes dos senadores dos Estados Unidos, usam links de endereços de IPs no Senado, também editaram na Wikipedia, em alguns casos, removendo fatos e material de origem dos artigos. Em 2008, Wikinews também relatou que os membros pessoais dos candidatos pela presidência dos EUA  e  fizeram edições questionáveis na Wikipedia.

 Fontes 

  
  
  
  
  
  
  
  
  
  
 
  

en:Congressional computers continue to be used to vandalize Wikipedia",-1.0,-1,Requested tokens (2811) exceed context window of 2048,True
wikinews,score_guided,50,42,"Exatamente um mês após a data que marcou os 60 anos do suicídio de Getúlio Vargas, o Museu da República, no Rio de Janeiro, inaugurou hoje (24) a exposição Saio da Vida para Entrar na Memória. Montada com acervo do próprio museu, a mostra reúne imagens, fotos, documentos, reproduções de primeiras páginas dos jornais da época, além de réplicas do pijama que Getúlio vestia na noite do suicídio e do revólver com o qual atirou no próprio peito.

O Palácio do Catete, que abriga o Museu da República desde a transferência da capital para Brasília, foi palco privilegiado da trajetória de Vargas. Durante 19 anos, de lá ele governou o país de diferentes formas. Foi chefe do governo provisório, resultado da Revolução de 1930; presidente eleito de forma indireta em 1934; ditador após a decretação do Estado Novo, de 1937 a 1945; e, finalmente, presidente democraticamente eleito, a partir de 1950.

thumb|left|250px|Presidente Getúlio Vargas

Com curadoria do museólogo Mario Chagas, a exposição registra o legado do personagem que até hoje desperta paixões e ódios e está presente em monumentos, nomes de logradouros, de escolas e instituições nacionais. O título da mostra foi inspirado na frase com que Getúlio encerrou sua carta-testamento, “Saio da vida para entrar na história”.

Os salões do palácio onde se desenrolou a crise do governo democrático de Vargas, assim como o quarto onde o ex-presidente morreu, permanecem como atração para visitantes do museu. Nos anos 90, marcou época a encenação, nesse circuito expositivo, da peça O tiro que mudou a história , de Carlos Eduardo Novaes e Aderbal Freire-Filho. A exposição Saio da Vida para Entrar na Memória será encerrada em fevereiro de 2015. Com entrada gratuita, ela pode ser visitada de terça-feira a domingo, das 10h às 17h. O Museu da República fica na Rua do Catete, 153, no bairro do Catete, zona sul do Rio.

 Fontes",0.8,1,"The text is about culture and history, not politics.",False
wikinews,score_guided,50,42,"O presidente da , , já comemora a vitória do sim no referendo realizado ontem (25) sobre a nova Constituição no país. De acordo com a  (ABI), o líder sul-americano anunciou a “refundação imediata do Estado boliviano”. O resultado oficial do referendo, entretanto, será divulgado pela Corte Nacional Eleitoral apenas no próximo dia 10.

Dados de boca de urna anunciados pela TVB (Televisión Boliviana) indicavam a aprovação do referendo por 61,96% além de 36,52% de votos contrários e outros 1,51% de brancos e nulos. O sim teria vencido em seis departamentos (estados) – La Paz, Cochabamba, Oruro, Potosí, Tarija e Pando – enquanto o não prevaleceu em Santa Cruz, Beni e Chuquisaca.

Morales afirmou que, a partir de agora, começa “uma nova República” na Bolívia e que acabou o Estado colonial e o neoliberalismo. Segundo ele, nenhum governo poderá mais entregar os recursos naturais do país para empresas multinacionais.

Se vitorioso, o sim tornará permanentes algumas mudanças já implantadas por Morales. Já o não, mantém a atual legislação do país.

Esta é a segunda vez que os bolivianos vão às urnas em seis meses. Em agosto de 2007, Morales ganhou 67% dos votos em um referendo sobre seu mandato na Presidência. O percentual foi maior do que os 54% de apoio que obteve em dezembro de 2005, quando venceu as eleições presidenciais.

 Fontes 

 

en:Bolivia's Evo Morales wins referendum on a new leftist constitution
it:Bolivia: referendum approva la nuova costituzione",0.85,1,"The text discusses a referendum on a new constitution in Bolivia, which is not related to the Politics section.",False
wikinews,score_guided,50,42,"thumb|left|

Desde o Primeiro de Setembro de 2016, está proibida a fabricação e venda de halogénios em território da , pode ser vendido apenas por aqueles que estão ""em estoque"" nas lojas e armazéns, com restrições constantes sobre dispositivos de iluminação, como ineficiente lâmpada incandescente, proibida há anos.

A razão para a proibição é o compromisso da  para uma maior eficiência e economia de energia. As lâmpadas de halogénio acabam por ser mais barato para comprar, eles são muito ineficientes no que se refere à energia e Estados-Membros acordaram em 2009 para proibir a comercialização a partir de Setembro de 2016. Lâmpadas (não de origem) de halogénio podem continuar a ser comercializadas até 2018.

A União Europeia também pretende avançar a sua intenção de reduzir o déficit de energia, cerca de mil milhões de euros por custo dia da importação de electricidade. Autoridades comunitárias incentivam a instalação de dispositivos de iluminação de baixa energia, tais como lâmpadas e refletores de LED.

 Fontes",1.0,1,"The text discusses energy efficiency and lamp regulations, which is not related to the Politics section.",False
wikinews,score_guided,50,42,"O  (STF) decidiu ontem (27), por 5 votos a 4, arquivar processo contra o deputado federal  (PT-SP), acusado pelo Ministério Público Federal como um dos responsáveis pela quebra do sigilo bancário do caseiro  e a divulgação indevida desses dados, em março de 2006, quando ocupava o posto de ministro da Fazenda.

Os ministros do STF rejeitaram a abertura de ação penal por entenderem não haver indícios suficientes de que Palocci ordenou a violação de dados do caseiro. O arquivamento da denúncia pode ser um estímulo aos planos políticos de Palocci, apontado como possível candidato a governador de São Paulo em 2010.

A maioria dos ministros seguiu o entendimento do relator e presidente do STF , , para quem não houve, na denúncia do MPF, “elementos mínimos sobre a iniciativa da ordem para consultar a conta de Francenildo”.

Quanto aos outros dois denunciados, a maioria (sete votos) votou pela abertura de ação penal contra o ex-presidente da  . Já no caso do jornalista Marcelo Netto, ex-assessor de imprensa do Ministério da Fazenda, houve um empate que levou ao arquivamento do processo.

Quatro ministros votaram pelo recebimento da denúncia e outros quatro pelo arquivamento. E, após um amplo debate, no final da sessão, os ministros decidiram que, diante do resultado, deveriam adotar a decisão em prol do denunciado, arquivando o processo.

Mattoso responderá na Justiça de 1ª Instância e poderá ter o processo suspenso, caso concorde em cumprir a prestação de serviços à comunidade, conforme proposta do MPF. O ministro Cézar Peluso preferiu se declarar incompetente para apreciar a denúncia em relação aos acusados sem foro privilegiado.

Na denúncia, o MPF sustentava que Mattoso reportou ao ex-ministro uma movimentação atípica na conta bancária do caseiro e que Netto foi responsável pelo vazamento dos dados bancários de Francenildo para a revista Época.

Segundo o MPF, no dia 16 de março de 2006, data da violação do sigilo bancário do caseiro, Palocci e Netto “tiveram numerosos contatos entre si, o que não era usual”, revelados pela quebra do sigilo telefônico de ambos e, posteriormente, marcaram um encontro com o então presidente da Caixa, Jorge Mattoso, cientes dos dados que ele teria sobre o caseiro. Tais dados foram divulgados pela revista Época, no dia 17 de março.

Os ministros , ,  e  consideraram a fundamentação do MPF suficiente para a abertura da ação penal contra Palocci.

“Bastam os indícios. Se precisarmos de prova robusta neste momento, já teremos a certeza da condenação dos denunciados. Os indícios me convencem”, disse Ayres Britto.

Ele ainda ressaltou que, no caso da quebra de sigilo, ocorreu um crime contra um “ homem simples, como se uma pessoa pobre e comum não tivesse civismo suficiente para, sem interesses subalternos”, revelar fatos que merecem investigação. Britto considerou “inegável a liderança intelectual” de Palocci nos fatos descritos pelo MPF.

O sigilo bancário de Francenildo foi violado após ele ter dado declarações à  (CPI) dos Bingos dando conta de que Palocci se encontrava com lobistas em uma mansão em área nobre da capital federal, conhecida como República de Ribeirão Preto.

Os ministros  e  não participaram da sessão porque ambos estão de licença médica.

 Notícia Relacionada 
 STF julga hoje o ex-ministro e atual deputado federal Antonio Palocci, acusado de ter ordenado violar sigilo do caseiro Francenildo da Costa, Wikinotícias, 27 de agosto de 2009

 Fonte",0.0,0,"The text is about a political decision regarding a legal case, which falls under the Politics section.",False
wikinews,score_guided,50,42,"A continuação conflito em Gaza. O  apelou o fim das hostilidades na  e de uma retirada imediata de todas as forças israelenses em Gaza, que foi rejeitada por  e o . Israel rejeitou por que não satisfaz as suas necessidades de segurança e de livre movimento.

O gabinete de segurança israelense, que inclui 12 ministros presidido pelo primeiro-ministro demissionário, , decidiu formalmente na sexta-feira continuar a ofensiva na Faixa de Gaza, apesar do apelo para um cessar-fogo da ONU. Olmert tinha anunciado anteriormente que iria continuar as operações em Gaza.

O Conselho de Segurança votaram a favor de um cessar-fogo ""imediato e duradouro assentamento na Faixa de Gaza, que iria conduzir a uma"" retirada total ""das forças israelenses, embora os Estados Unidos abstiveram de votar.

A Resolução 1860 foi aprovada com 14 votos dos 15, com a abstenção dos Estados Unidos. Ela “assinalou a urgência e apela a um cessar-fogo imediato, duráveis e totalmente respeitada, o que levou a uma retirada total das forças israelenses da Faixa de Gaza”.

A resolução condena ""todo ato de violência e hostilidade dirigida contra civis e os atos de terrorismo"", sem nomear explicitamente os tiros de foguetes do grupo islâmico palestino Hamas contra Israel.

A força aérea israelense bombardeou uns 50 alvos nos territórios palestinos, informaram fontes militares do país. Umas das explosões matou pelo menos cinco membros da mesma família, disse autoridades médicas palestinas. Com isso soma-se mais de 760 mortes nos 14 dias do conflito.

Os bombardeios da aviação e artilharia israelenses mataram 16 pessoas nas últimas horas, enquanto os militantes palestinos de Gaza dispararam quinze foguetes em território israelense, ferindo uma pessoa. Pelo menos 30 pessoas que estavam em uma casa com 110 refugiados em Gaza, foram mortos em um destes ataques, como foi confirmado pelas Nações Unidas.

De acordo com testemunhas, os navios israelenses bombardearam em vários pontos da zona costeira da Faixa de Gaza.

Um responsável do Hamas, que controla a Faixa de Gaza, tinha dito anteriormente que o movimento islâmico também rejeitou a resolução da ONU.

Nós ""rejeitamos, porque os benefícios nem os nossos interesses do povo palestino"", disse o líder,  à .

Os bombardeios israelenses continuaram mesmo durante as três horas diárias trégua a ser oficialmente lançada às 11h00 GMT (13h em Israel e Faixa de Gaza), de acordo com testemunhas.

Esta pausa, que se aplica na quarta-feira, permite a cooperação com o povo de Gaza, desde . Desde então, pelo menos, já custou 763 vidas e mais de 3.120 palestinos foram feridos desde que Israel lançou a Operação Chumbo Sólido, após o final da trégua em vigor até o dia 19. Quinze israelenses foram mortos nos combates e dezenas de feridos.

 Fontes",0.0,0,"The text is about a conflict in Gaza and discusses political and military actions, which falls under the Politics section.",False
wikinews,score_guided,50,42,"thumb|160px|esquerda|Ma Ying-jeou, presidente eleito de Taiwan.
  
O oposicionista , ex-prefeito de , foi eleito presidente de  (Formosa) na quarta eleição com uma vitória de 58.45% do voto popular (7.658.724 votos). Derrotou seu oponente Hsieh, governista, que recebeu 41.55% do voto popular (5.445.239 votos). Os resultados da eleição foram confirmados pelo comissão eleitoral do país.

O candidato vencedor defende uma maior aproximação com o governo continental da .

 Fontes",1.0,1,"The text discusses an election in Taiwan, which is not a Politics (Política) topic.",False
wikinews,score_guided,50,42,"esquerda|miniaturadaimagem|Bolsonaro no dia 1º de novembro
Veículos da grande imprensa passaram a reportar hoje que o ainda presidente Jair Bolsonaro estaria chorando com frequência e apático, sintomas comuns em crises depressivas. Em seu portal o médico Dráuzio Varella explica que ""é essencial identificar os sintomas e procurar ajuda médica"", além de saber ""distinguir a tristeza patológica daquela transitória provocada por acontecimentos difíceis e desagradáveis"". 

A revista Fórum foi uma das que tocou no assunto, com o título ""Bolsonaro está 'apático' e 'depressivo' e pode não ter condições de terminar mandato"". Segundo a publicação, Paulo Pimenta, deputado federal pelo PT-RS, teria confirmado a informação, dizendo que ele ""não consegue nem fazer reunião"".

No Twitter, usuários também comentaram sobre a condição do presidente, que não é visto em público num evento oficial desde o dia 1º de novembro, quando agradeceu os 58 milhões de votos recebidos em uma aparição de dois minutos dois dias depois de perder o pleito contra Luiz Inácio Lula da Silva, que hoje participou da COP27 no Egito.  

O que é depressão? 

A depressão uma doença mental que afeta a mente e o corpo. Em seu portal o médico Dráuzio Varella diz que ""é importante distinguir a tristeza patológica daquela transitória provocada por acontecimentos difíceis e desagradáveis, mas que são inerentes à vida de todas as pessoas, como a morte de um ente querido, a perda de emprego, os desencontros amorosos, os desentendimentos familiares, as dificuldades econômicas etc"".  

Seus principais sintomas psicológicos são: tristeza persistente e baixa autoestima; sentimentos de culpa e desesperança; tendência a chorar por qualquer aborrecimento; tendência ao isolamento familiar e social, dificuldade de concentração, memória e raciocínio; apatia, desinteresse e falta de motivação; irritabilidade, ansiedade e angústia; e impulsos suicidas. Já os sintomas físicos incluem: insônia ou hipersonolência; cansaço físico; dores inexplicáveis pelo corpo; lentidão mental e física; perda ou ganho de peso; desinteresse sexual; alterações gastrointestinais; irregularidades menstruais; e perda de apetite. 

 Referências 

 Depressão, Sociedade Brasileira de Medicina de Família e Comunidade. 

 Notícias Relacionadas 

 Lula fala durante a COP-27 em seu primeiro compromisso no exterior após a eleição

 Fontes",1.0,1,The text discusses health-related topics and does not pertain to Politics.,False
wikinews,score_guided,50,42,"A quatro dias das eleições gerais em , o presidente deposto, , afirmou hoje (25) a interlocutores que pode reconhecer os resultados do processo eleitoral, se mais de 80% dos eleitores comparecerem às urnas. Mas, segundo o líder, pouco mais de 40% do eleitorado deve participar das votações. Pelos dados oficiais, aproximadamente 4,6 milhões de eleitores estão registrados para votar para presidente, vice-presidente, deputados federais e prefeitos.

É a primeira vez que Zelaya sinaliza que pode reconhecer os resultados das eleições, as quais suspeita que são conduzidas de forma fraudulenta. Para o governo brasileiro, os resultados só seriam legitimados, se o presidente deposto tivesse sido reconduzido ao poder e Honduras voltado à normalidade – com o fim da censura à imprensa, do cerceamento às liberdades individuais e do policiamento ostensivo nas ruas.

Apesar do anúncio de afastamento do cargo por oito dias feito pelo presidente de facto, , Zelaya afirmou a negociadores brasileiros que se prepara para ficar na  do  em  até o dia 27 de janeiro de 2010, quando termina seu mandato constitucional.

Abrigado na Embaixada do Brasil há dois meses, Zelaya mantém um gabinete privado no local. Porém, o líder circula pela área e conversa com os demais hóspedes. Nas conversas, de acordo com alguns dos presentes, o líder não esconde o aborrecimento com o apoio dos  e do  às eleições do dia 29.

Segundo s brasileiros, Zelaya dá indicações de frustração e desânimo em relação à possibilidade de um acordo para encerrar a crise política hondurenha que se arrasta há cinco meses, desde que foi destituído do poder por uma manobra política organizada pelo Congresso, as Forças Armadas e a Suprema Corte.

Diplomatas que acompanham o processo eleitoral afirmaram à  que Zelaya classificou o apoio estadunidense e panamenho de ""jogo"". Somente os Estados Unidos e o Panamá apoiam o processo eleitoral hondurenha, os demais países das , e do, sob liderança do Brasil, levantam dúvidas sobre a isenção das eleições.

O governo do , por exemplo, informou que vai rejeitar o resultado das eleições. No Brasil, ontem (24), o assessor especial para Assuntos Internacionais da Presidência da República, , afirmou que ao legitimar o resultado das eleições o que se faz é referendar o golpe de Estado que depôs Zelaya. Segundo ele, é “lamentável” a decisão do presidente dos Estados Unidos, , de reconhecer os resultados das eleições.

 Fontes",1.0,1,"The text is about politics, specifically the political crisis in Honduras, and does not contain any content from other sections.",False
wikinews,score_guided,50,42,"O enfraquecimento da Conferência das Nações Unidas para o Comércio e o Desenvolvimento () é uma das principais preocupações da sociedade civil organizada do mundo em desenvolvimento reunida na cidade africana de , capital de . O temor, já manifestado na última reunião da Unctad, em , em 2004, é de que o órgão  deixe de ser uma arena de discussão e construção de políticas voltadas para o sul do planeta. O fortalecimento da Unctad como instituição, a desigualdade entre os países e a valorização das commodities agrícolas [produtos com variação de preço determinada no mercado internacional], com foco na produção de biocombustíveis, são alguns dos temas centrais do Fórum da Sociedade Civil. Outro tema que promete gerar polêmica é a pressão dos movimentos sociais pela incorporação das mudanças climáticas ao debate da Unctad.

""A grande preocupação da gente é a perda de importância da Unctad como elaboradora de um conhecimento político e técnico que apoiava a posição dos países em desenvolvimento na sua luta política e econômica em relação aos países desenvolvidos”, justifica Iara Pietricovisky, representante da Rede Brasileira Pela Integração dos Povos (Rebrip).

Criada em 1964, a Unctad pesquisa e debate políticas e oferece assistência técnica a países em desenvolvimento e de menos desenvolvimento relativo, com foco no desenvolvimento. Como instância de discussão, é um contraponto à  (OCDE), que faz as mesmas análises sob a ótica dos 30 países responsáveis por mais da metade da riqueza do planeta.

“A fragilidade do contexto multilateral, a fragilização do sistema ONU [Organização das Nações Unidas] acaba também rebatendo dentro da Unctad, e as teses que eram defendidas e continuam sendo pelos Estados Unidos e pela Europa de redução do papel da Unctad vêm vencendo”, afirma Iara. Segundo ela, um dos símbolos desse processo de enfraquecimento é a escolha do ex-diretor-geral da Organização Mundial do Comércio (OMC), Supachai Panitchpakdi, para secretário-geral da Unctad.  Supachai está no cargo antes ocupado pelo brasileiro Rubens Ricupero desde 2005.

“Não é só uma questão de reduzir o papel que a Unctad  tem de produzir debates e posições diferenciadas e garantir a posição dos países em desenvolvimento.  Também está se dando à instituição uma direção política marcadamente liberalizadora”, acredita.   “Isso, do ponto de vista dos países em desenvolvimento, que ainda demandam sistemas de proteção e que estão entrando nesse processo de globalização de forma completamente desigual e mais fraca, significa perda de espaço político, perda de construção de conteúdo para enfrentar essas feras do mundo globalizado”, pondera.

Como porta-voz do G-77 - grupo de países em desenvolvimento da América Latina, África e Ásia -, o  reconhece as divergências quanto ao papel da Unctad. “A cada quatro anos se reedita esse debate, qual a função da Unctad, que papel ela tem, se deve continuar existindo e há sempre essa contraposição”, diz o ministro Carlos Márcio Consendey, diretor do Departamento Econômico do Ministério das Relações Exteriores.

“Os países desenvolvidos tendem a achar que ela deveria ter um papel mais prático de fornecimento de assistência técnica em algumas áreas específicas, que teriam competências já estabelecidas. E os países em desenvolvimento acham que a organização deve ser também um fórum de reflexão sobre desenvolvimento, de pensar  as grandes questões de economia internacional de uma perspectiva de um país em  desenvolvimento”, relata o ministro.

Segundo ele, não será desta vez que a Unctad sairá enfraquecida. Ele acompanha as negociações do documento final desta 12ª Conferência, no qual será fixado o mandato da Unctad para os próximos quatro anos. “Ninguém está querendo acabar com a Unctad e já se aceitou que continuará a ter um papel de reflexão, que o secretariado vai poder fazer seus estudos de forma independente”, antecipa.

 Fontes",1.0,1,"The text discusses the United Nations Conference on Trade and Development (UNCTAD), which is not related to the Politics section.",False
wikinews,score_guided,50,42,"Nos dois anos desde que a  começou a devastar os , praticamente todos os aspectos da pandemia foram politizados, muitas vezes em detrimento dos esforços para controlar a doença e tratar suas vítimas. Agora, porém, membros do Congresso estão dando os primeiros passos em direção a um esforço bipartidário para entender as origens da pandemia e avaliar a resposta do governo federal.

Os dois membros mais antigos do Comitê de Saúde, Educação, Trabalho e Previdência do Senado começaram a circular uma proposta para criar uma comissão de 12 membros com ampla autoridade para investigar as origens da doença — e como as administrações Trump e Biden respondeu a isso. A iniciativa parece ter amplo apoio entre os membros de ambos os partidos.

Os dois legisladores, Patty Murray, presidente do Comitê de Saúde, democrata de Washington, e o republicano sênior do comitê, Richard Burr, da Carolina do Norte, modelaram o esforço na comissão criada para investigar as origens do 9.

 Campo minado político
Até agora, a discussão sobre as origens da pandemia e a resposta federal tendem a ser altamente politizadas. Nos primeiros dias da pandemia, o então presidente Donald Trump estava ansioso para minimizar a gravidade da crise, uma postura que muitos de seus apoiadores políticos adotaram.

Isso ajudou a criar uma divisão acentuada na forma como republicanos e democratas em todo o país viam a resposta federal à pandemia.

À medida que as mortes por COVID-19 nos Estados Unidos cresciam de milhares para dezenas de milhares, Trump fez um esforço muito público para culpar a China, o país onde a doença foi identificada pela primeira vez, pela crise global da saúde. As discussões sobre o grau de responsabilidade da China pela disseminação do vírus também assumiram um tom fortemente partidário.

 Esforços para culpar a China
Muitos republicanos no Congresso apoiaram a teoria de que o vírus que causa o COVID-19 escapou de um laboratório na China, onde o coronavírus estava sendo estudado. Essa teoria é apoiada pelo fato de haver uma grande instalação de pesquisa de doenças infecciosas localizada perto da cidade de Wuhan, onde o vírus foi detectado pela primeira vez.

Os democratas, em geral, estão mais inclinados a apoiar a visão apresentada pela Organização Mundial da Saúde (OMS), que sugeria que o vírus migrou para a população humana através do contato próximo com animais selvagens – provavelmente morcegos – que já estavam infectados com uma versão dele.

A OMS, no entanto, enviou sinais contraditórios sobre as origens do vírus. Um relatório emitido pelo órgão no ano passado argumentou que era extremamente improvável que o vírus chegasse à população humana por meio de um vazamento de laboratório. No entanto, o Dr. Tedros Adhanom Ghebreyesus, diretor da OMS, disse que a China se recusou a compartilhar dados importantes de casos iniciais de COVID-19, dificultando a capacidade dos investigadores da OMS de concluir uma análise completa.

Em uma série de audiências no Congresso, o Dr. Anthony Fauci, diretor do Instituto Nacional de Alergia e Doenças Infecciosas e principal conselheiro médico do presidente Biden, foi questionado agressivamente por membros republicanos do Congresso que o acusaram de ocultar informações sobre pesquisas no Instituto de Virologia de Wuhan, parcialmente financiado pelo governo dos Estados Unidos.

Por sua parte, Fauci apoiou publicamente os pedidos de uma investigação sobre a origem do vírus.

 Esperança para um inquérito equilibrado
Nos estágios iniciais da pandemia, os republicanos suspeitavam de qualquer comissão encarregada de investigar a pandemia, com medo de que suas descobertas fossem usadas como um porrete contra o governo Trump.

Urquiza, do Marked by COVID, disse que a passagem do tempo tornou menos provável que as conclusões de um comitê sejam vistas como politizadas, porque ambas as partes podem ser vistas como tendo alguns sucessos e algumas falhas na resposta à COVID-19.

""Nossa preocupação desde o primeiro dia era que uma comissão se transformasse em uma caça às bruxas para a China ou o presidente Trump"", disse ela. ""Parte do que vimos agora, ao longo do ano passado, é que o governo Biden agora tem um histórico de pandemia, e isso abriu o campo para permitir elogios e críticas ao que aconteceu"".

 Fonte",0.0,0,"The text is about the politicization of the pandemic and the efforts to investigate its origins, which falls under the Politics section.",False
wikinews,score_guided,50,42,"O presidente do Iraque,   Jalal Talabani,  em uma conferência de imprensa a repórteres na quarta-feira disse:

Mais de 50 corpos foram resgatados do rio Tigre e temos os nomes completos  daqueles que foram mortos e aqueles criminosos que cometeram esses crimes. (...) terroristas cometeram esses crimes. Não é verdadeiro que não houve nenhum refém. Houve, porém eles foram mortos e eles lançaram os corpos no Tigre.

Ele prometeu mais detalhes nos dias próximos dias.

A conferência  presidencial para a imprensa foi em resposta a eventos que  vieram à tona por causa de relatórios de funcionários xiitas. Eles disseram no sábado que não menos que 100 xiitas foram tomados refém por rebeldes sunitas, e ameaçados de  morte,  na cidade de al-Madain, perto de Bagdá. Uma força de segurança iraquiana segunda-feira vasculhou a cidade de aproximadamente mil famílias, mas não encontrou nenhuma evidência que comprovasse a existência de  reféns. Os funcionários de xiita depois disseram que os corpos, que acreditava-se  ser dos reféns, foram encontrados no rio Tigre.

Em um incidente separado a 200 km ao norte de Bagdá,  em Haditha, depois que  repórteres e residentes escutaram tiros, eles encontraram os corpos de 19 homens,  executados em um estádio de futebol, nesta última quarta-feira.   Acredita-se  que os mortos foram soldados iraquianos  executados por rebeldes  anti-governo, segundo um funcionário de Ministério do Interior, embora as vítimas não estivessem  vestidas com  traje militar. Levantou-se a hipótese de  que eles estavam  a se dirigir para  casa para uma festa que marca o aniversário do profeta Muhammad quando foram raptados pelos  insurgentes.

Ver também
 Seqüestro de 150 xiitas no Iraque pode ser notícia falsa
 Sunitas rebeldes mantêm 150 xiitas como reféns no Iraque

Fontes",1.0,1,"The text is about a news event in the conflict and terrorism section, which is not Politics (Política).",False
wikinews,score_guided,50,42,"O , , vai governar o país por mais quatro anos. Ele foi reeleito ontem (6) com 332 votos dos 538 nos principais colégios eleitorais. Nos dez estados apontados como decisivos, o republicano  ganhou apenas na . Com o lema de campanha ""Four More Years!"" (Mais Quatro Anos!), Obama venceu uma disputa apertada em uma campanha política considerada a mais cara dos .

A campanha de Obama conseguiu ganhar o voto nos estados decisivos de , ,  e . Romney venceu na  e , dois estados onde Obama ganhou em 2008.

Obama agradeceu os eleitores via , postando: ""Isso aconteceu por causa de vocês. Obrigado."" 

Na eleição para o Senado dos  em , , que ajudou a criar a Proteção Financeira do Consumidor, derrotou o republicano Scott Brown. Em , a democrata  venceu  e será o primeiro membro abertamente gay do Senado. No , a senador  derrotou o republicano . Em agosto, Akin disse que as mulheres que são vítimas de estupro ""legítimo"" não podem engravidar, porque segundo ele elas possuem um ""sistema que impede a gravidez"".

thumb|400px|esquerda|Resultado da eleição por estados: em azul onde Obama venceu e em vermelho onde Romney venceu.

Ao saber do resultado das eleições, embora sem a conclusão de alguns estados, Obama fez um discurso de 25 minutos, no qual prometeu que o próximo mandato será mais bem-sucedido que o atual.  “Nós sabemos, nos nossos corações, que para os Estados Unidos o melhor ainda está por vir”, disse Obama. De forma conciliadora, Romney felicitou o adversário político.

Obama discursou no Centro de Convenções McCormick Place, em , . Para uma multidão, o presidente reeleito cumprimentou Romney pela “árdua campanha”. Segundo Obama, sua meta é  “fazer avançar o país”. Acompanhado pela mulher  e pelas filhas Malia e Sasha, ele elogiou a família.

“[Reeleito, estou] mais determinado e mais inspirado do que nunca”, disse, acrescentando que “nunca esteve tão esperançoso em relação à América”. Ele citou como desafios a reforma do sistema de imigração, a redução do déficit e as mudanças no Código Tributário.

No final do discurso, Obama recebeu no palco, ao lado da família, o vice-presidente reeleito, , e vários integrantes de sua equipe de campanha. Todos foram aplaudidos pela multidão que acompanhou a saudação do presidente reeleito.

Romney telefonou para Obama parabenizando-o pela vitória. Romney divulgou seu diálogo com Obama. ""Demos tudo nesta campanha"", disse o republicano, agradecendo o apoio que recebeu. ""A eleição acabou, mas os nossos princípios se mantêm.""

O candidato derrotado disse que deseja felicidades ao presidente reeleito e que rezará  pelo seu sucesso, ""em um tempo de grandes desafios para a América"".

 Referências 

ca:Obama és reelegit com a President dels Estats Units
es:Barack Obama gana la reelección como Presidente de Estados Unidos frente a Mitt Romney
fi:Obama sai jatkokauden
fr:Élection présidentielle américaine de 2012 : Barack Obama réélu
it:Barack Obama rieletto Presidente degli USA
ko:미 대선, 오바마 승리
ru:Барак Обама переизбран президентом США
sr:Obama reizbran za predsednika SAD
ta:பராக் ஒபாமா மீண்டும் அமெரிக்க அரசுத்தலைவராகத் தேர்ந்தெடுக்கப்பட்டார்",1.0,1,"The text discusses the re-election of Barack Obama, which is not related to the Politics section.",False
wikinews,score_guided,50,42,"Morreu nesta terça-feira (10), aos 82 anos, o ex-presidente da Alemanha,  (1994-1999), primeiro chefe de Estado a tomar posse após a reunificação do país (1990).

Nascido em , no dia 4 de abril de 1934, Herzog era jurista, deu aulas na  e comandou a Corte Constitucional alemã entre 1987 e 1994.

O ex-presidente era membro da  (CDU), o mesmo partido da chanceler , e foi um dos principais incentivadores do início de um processo de reformas econômicas na Alemanha. Merkel tentará reeleição ainda em 2017.

 Fonte",1.0,1,"The text is about the death of a former German president, which is not related to the Politics section.",False
